Time	wtime	pss	rss	swap	vmem	rchar	read_bytes	wchar	write_bytes	rx_bytes	rx_packets	tx_bytes	tx_packets	stime	utime	nprocs	nthreads
1773198478	0	9194	15588	0	433672	15685	0	135	0	0	0	0	0	0	0	2	2
1773198480	2	98851	105308	0	433672	15685	0	135	0	118	1	380	2	0	0	2	2
1773198482	4	98851	105308	0	433672	15685	0	135	0	118	1	380	2	0	0	2	2
1773198484	6	98851	105308	0	433672	15685	0	135	0	118	1	380	2	0	0	2	2
1773198486	8	98851	105308	0	433672	15685	0	135	0	311	3	851	5	0	0	2	2
1773198488	10	98851	105308	0	433672	15685	0	135	0	311	3	851	5	0	0	2	2
1773198490	12	98851	105308	0	433672	15685	0	135	0	602	5	1051	7	0	0	2	2
1773198492	14	98851	105308	0	433672	15685	0	135	0	602	5	1157	8	0	0	2	2
1773198494	16	98851	105308	0	433672	15685	0	135	0	720	6	2587	14	0	0	2	2
1773198496	18	98851	105308	0	433672	15685	0	135	0	1287	10	2955	18	0	0	2	2
1773198498	20	98851	105308	0	433672	15685	0	135	0	5765	22	7113	23	0	0	2	2
1773198500	22	98851	105308	0	433672	15685	0	135	0	82409	208	91661	172	0	0	2	2
1773198502	24	98851	105308	0	433672	15685	0	135	0	90849	257	124559	234	0	0	2	2
1773198504	26	98851	105308	0	433672	15685	0	135	0	98637	298	153468	281	0	0	2	2
1773198506	28	98851	105308	0	433672	15685	0	135	0	101236	319	165786	305	0	0	2	2
1773198508	30	98851	105308	0	433672	15685	0	135	0	101964	326	166444	312	0	0	2	2
1773198510	32	98851	105308	0	433672	15685	0	135	0	104620	342	172062	331	0	0	2	2
1773198512	34	98851	105308	0	433672	15685	0	135	0	106505	352	176650	345	0	0	2	2
1773198514	36	98851	105308	0	433672	15685	0	135	0	108167	362	177498	353	0	0	2	2
1773198516	38	98851	105308	0	433672	15685	0	135	0	111821	379	181760	368	0	0	2	2
1773198518	40	98851	105308	0	433672	15685	0	135	0	116545	418	468932	598	0	0	2	2
1773198520	42	98851	105308	0	433672	15685	0	135	0	119532	424	469034	599	0	0	2	2
1773198522	44	98851	105308	0	433672	15685	0	135	0	120515	430	469673	605	0	0	2	2
1773198524	46	98851	105308	0	433672	15685	0	135	0	122740	448	565542	687	0	0	2	2
1773198526	48	98851	105308	0	433672	15685	0	135	0	123936	454	570488	698	0	0	2	2
1773198528	50	98851	105308	0	433672	15685	0	135	0	123936	454	570488	698	0	0	2	2
1773198530	52	98851	105308	0	433672	15685	0	135	0	125373	461	574258	708	0	0	2	2
1773198532	54	98851	105308	0	433672	15685	0	135	0	125455	462	574258	708	0	0	2	2
1773198534	56	98851	105308	0	433672	15685	0	135	0	125691	464	574910	712	0	0	2	2
1773198536	58	98851	105308	0	433672	15685	0	135	0	125809	465	575290	714	0	0	2	2
1773198538	60	98851	105308	0	433672	15685	0	135	0	133824	504	589767	751	0	0	2	2
1773198540	62	98851	105308	0	433672	15685	0	135	0	136179	507	589965	753	0	0	2	2
1773198542	64	98851	105308	0	433672	15685	0	135	0	137671	516	602175	766	0	0	2	2
1773198544	66	98851	105308	0	433672	15685	0	135	0	150371	573	664473	846	0	0	2	2
1773198546	68	98851	105308	0	433672	15685	0	135	0	203571	730	784466	1019	0	0	2	2
1773198548	70	98851	105308	0	433672	15685	0	135	0	212645	768	819216	1085	0	0	2	2
1773198550	72	98851	105308	0	433672	15685	0	135	0	220695	808	850001	1149	0	0	2	2
1773198552	74	98851	105308	0	433672	15685	0	135	0	222603	819	855531	1164	0	0	2	2
1773198554	76	98851	105308	0	433672	15685	0	135	0	224086	832	857074	1178	0	0	2	2
1773198556	78	98851	105308	0	433672	15685	0	135	0	226913	845	865626	1196	0	0	2	2
1773198558	80	98851	105308	0	433672	15685	0	135	0	228928	856	875372	1213	0	0	2	2
1773198560	82	98851	105308	0	433672	15685	0	135	0	230248	867	876505	1223	0	0	2	2
1773198562	84	98851	105308	0	433672	15685	0	135	0	231135	875	877175	1230	0	0	2	2
1773198564	86	98851	105308	0	433672	15685	0	135	0	231989	883	877946	1238	0	0	2	2
1773198566	88	98851	105308	0	433672	15685	0	135	0	235100	900	882465	1255	0	0	2	2
1773198568	90	98851	105308	0	433672	15685	0	135	0	236805	907	883123	1262	0	0	2	2
1773198570	92	98851	105308	0	433672	15685	0	135	0	240632	924	887703	1279	0	0	2	2
1773198572	94	98851	105308	0	433672	15685	0	135	0	249234	1007	1221087	1550	0	0	2	2
1773198574	96	98851	105308	0	433672	15685	0	135	0	249324	1008	1221277	1551	0	0	2	2
1773198576	98	98851	105308	0	433672	15685	0	135	0	252339	1018	1225036	1560	0	0	2	2
1773198578	100	98851	105308	0	433672	15685	0	135	0	255791	1050	1347392	1661	0	0	2	2
1773198580	102	98851	105308	0	433672	15685	0	135	0	256806	1054	1351673	1667	0	0	2	2
1773198582	104	98851	105308	0	433672	15685	0	135	0	256806	1054	1351673	1667	0	0	2	2
1773198584	106	98851	105308	0	433672	15685	0	135	0	256924	1055	1352053	1669	0	0	2	2
1773198586	108	98851	105308	0	433672	15685	0	135	0	256924	1055	1352053	1669	0	0	2	2
1773198588	110	98851	105308	0	433672	15685	0	135	0	257075	1057	1352264	1671	0	0	2	2
1773198590	112	98851	105308	0	433672	15685	0	135	0	257137	1058	1352326	1672	0	0	2	2
1773198592	114	98851	105308	0	433672	15685	0	135	0	257337	1060	1352706	1674	0	0	2	2
1773198594	116	98851	105308	0	433672	15685	0	135	0	257412	1061	1352797	1675	0	0	2	2
1773198596	118	98851	105308	0	433672	15685	0	135	0	257412	1061	1352797	1675	0	0	2	2
1773198598	120	98851	105308	0	433672	15685	0	135	0	257820	1063	1352893	1676	0	0	2	2
1773198600	122	98851	105308	0	433672	15685	0	135	0	257820	1063	1352893	1676	0	0	2	2
1773198602	124	98851	105308	0	433672	15685	0	135	0	257938	1064	1353273	1678	0	0	2	2
1773198604	126	98851	105308	0	433672	15685	0	135	0	259625	1075	1357063	1690	0	0	2	2
1773198606	128	98851	105308	0	433672	15685	0	135	0	259743	1076	1357253	1691	0	0	2	2
1773198608	130	98851	105308	0	433672	15685	0	135	0	259743	1076	1357443	1692	0	0	2	2
1773198610	132	98851	105308	0	433672	15685	0	135	0	259743	1076	1357443	1692	0	0	2	2
1773198612	134	98851	105308	0	433672	15685	0	135	0	260556	1083	1358034	1696	0	0	2	2
1773198614	136	98851	105308	0	433672	15685	0	135	0	266746	1107	1362117	1713	0	0	2	2
1773198616	138	98851	105308	0	433672	15685	0	135	0	277259	1139	1374355	1742	0	0	2	2
1773198618	140	98851	105308	0	433672	15685	0	135	0	338428	1265	1395446	1825	0	0	2	2
1773198620	142	98851	105308	0	433672	15685	0	135	0	380360	1348	1409709	1875	0	0	2	2
1773198622	144	98851	105308	0	433672	15685	0	135	0	386043	1385	1412313	1896	0	0	2	2
1773198624	146	98851	105308	0	433672	15685	0	135	0	441522	1501	1438552	1974	0	0	2	2
1773198626	148	98850	105308	0	433672	15685	0	135	0	1205161	2334	1625033	2454	0	0	2	2
1773198628	150	98850	105308	0	433672	15685	0	135	0	2596757	3398	1694982	2861	0	0	2	2
1773198630	152	98850	105308	0	433672	15685	0	135	0	13281469	12080	1834518	3816	0	0	2	2
1773198632	154	98849	105308	0	433672	15685	0	135	0	29665868	25417	2051344	5259	0	0	2	2
1773198634	156	98849	105308	0	433672	15685	0	135	0	31385493	26817	2103762	5626	0	0	2	2
1773198636	158	98849	105308	0	433672	15685	0	135	0	31442817	26869	2107456	5653	0	0	2	2
1773198638	160	98849	105308	0	433672	15685	0	135	0	36350653	30838	2164238	6153	0	0	2	2
1773198640	162	98849	105308	0	433672	15685	0	135	0	36407401	30890	2166242	6164	0	0	2	2
1773198642	164	98850	105308	0	433672	15685	0	135	0	36878346	31354	2179944	6315	0	0	2	2
1773198644	166	98849	105308	0	433672	15685	0	135	0	46325502	38996	2246619	6757	0	0	2	2
1773198646	168	98849	105308	0	433672	15685	0	135	0	54219678	45386	2308036	7265	0	0	2	2
1773198648	170	98849	105308	0	433672	15685	0	135	0	59048621	49303	2354472	7667	0	0	2	2
1773198650	172	98850	105308	0	433672	15685	0	135	0	59464473	49738	2368437	7820	0	0	2	2
1773198652	174	98850	105308	0	433672	15685	0	135	0	59543230	49823	2382252	7858	0	0	2	2
1773198654	176	98850	105308	0	433672	15685	0	135	0	76277318	63337	2479760	8707	0	0	2	2
1773198656	178	98850	105308	0	433672	15685	0	135	0	77054908	63969	2489433	8791	0	0	2	2
1773198658	180	98850	105308	0	433672	15685	0	135	0	77055170	63972	2490409	8795	0	0	2	2
1773198660	182	98850	105308	0	433672	15685	0	135	0	77112044	64021	2491309	8801	0	0	2	2
1773198662	184	98850	105308	0	433672	15685	0	135	0	77169013	64071	2493015	8811	0	0	2	2
1773198664	186	98850	105308	0	433672	15685	0	135	0	77170639	64082	2493077	8812	0	0	2	2
1773198666	188	98850	105308	0	433672	15685	0	135	0	78703719	65336	2501195	8883	0	0	2	2
1773198668	190	98850	105308	0	433672	15685	0	135	0	78766700	65399	2501778	8886	0	0	2	2
1773198670	192	98850	105308	0	433672	15685	0	135	0	78767052	65402	2502158	8888	0	0	2	2
1773198672	194	98850	105308	0	433672	15685	0	135	0	78824144	65452	2502954	8893	0	0	2	2
1773198674	196	98850	105308	0	433672	15685	0	135	0	78881252	65505	2504138	8902	0	0	2	2
1773198676	198	98850	105308	0	433672	15685	0	135	0	83417041	69174	2529356	9134	0	0	2	2
1773198678	200	98850	105308	0	433672	15685	0	135	0	83473331	69222	2529944	9137	0	0	2	2
1773198680	202	98850	105308	0	433672	15685	0	135	0	83530321	69272	2531551	9148	0	0	2	2
1773198682	204	98850	105308	0	433672	15685	0	135	0	83530321	69272	2531551	9148	0	0	2	2
1773198684	206	98850	105308	0	433672	15685	0	135	0	83588549	69334	2534029	9169	0	0	2	2
1773198686	208	98850	105308	0	433672	15685	0	135	0	86994531	72089	2550316	9314	0	0	2	2
1773198688	210	98850	105308	0	433672	15685	0	135	0	86997900	72098	2550907	9318	0	0	2	2
1773198690	212	98850	105308	0	433672	15685	0	135	0	87055168	72151	2552232	9328	0	0	2	2
1773198692	214	98850	105308	0	433672	15685	0	135	0	87111887	72204	2553554	9338	0	0	2	2
1773198694	216	98850	105308	0	433672	15685	0	135	0	87112170	72207	2554215	9342	0	0	2	2
1773198696	218	98850	105308	0	433672	15685	0	135	0	90361736	74830	2568583	9466	0	0	2	2
1773198698	220	98850	105308	0	433672	15685	0	135	0	90418682	74879	2569281	9470	0	0	2	2
1773198700	222	98850	105308	0	433672	15685	0	135	0	90420157	74891	2569675	9473	0	0	2	2
1773198702	224	98850	105308	0	433672	15685	0	135	0	90476754	74944	2571306	9485	0	0	2	2
1773198704	226	98850	105308	0	433672	15685	0	135	0	90533609	74992	2572212	9491	0	0	2	2
1773198706	228	98850	105308	0	433672	15685	0	135	0	90533609	74992	2572212	9491	0	0	2	2
1773198708	230	98850	105308	0	433672	15685	0	135	0	94086354	77864	2593171	9679	0	0	2	2
1773198710	232	98850	105308	0	433672	15685	0	135	0	94142556	77913	2593964	9684	0	0	2	2
1773198712	234	98850	105308	0	433672	15685	0	135	0	94142992	77918	2594828	9691	0	0	2	2
1773198714	236	98850	105308	0	433672	15685	0	135	0	94199522	77967	2595834	9698	0	0	2	2
1773198716	238	98850	105308	0	433672	15685	0	135	0	94255812	78015	2596640	9703	0	0	2	2
1773198718	240	98850	105308	0	433672	15685	0	135	0	98911019	81777	2619747	9909	0	0	2	2
1773198720	242	98850	105308	0	433672	15685	0	135	0	98968268	81826	2620426	9913	0	0	2	2
1773198722	244	98850	105308	0	433672	15685	0	135	0	99025053	81875	2621605	9920	0	0	2	2
1773198724	246	98850	105308	0	433672	15685	0	135	0	99025139	81876	2621703	9921	0	0	2	2
1773198726	248	98850	105308	0	433672	15685	0	135	0	99082181	81926	2622772	9927	0	0	2	2
1773198728	250	98850	105308	0	433672	15685	0	135	0	102549429	84731	2641305	10095	0	0	2	2
1773198730	252	98850	105308	0	433672	15685	0	135	0	102549429	84731	2641305	10095	0	0	2	2
1773198732	254	98850	105308	0	433672	15685	0	135	0	102607252	84781	2642272	10100	0	0	2	2
1773198734	256	98850	105308	0	433672	15685	0	135	0	102663800	84830	2642969	10104	0	0	2	2
1773198736	258	98850	105308	0	433672	15685	0	135	0	102663993	84832	2643250	10106	0	0	2	2
1773198738	260	98850	105308	0	433672	15685	0	135	0	106169403	87673	2660603	10256	0	0	2	2
1773198740	262	98850	105308	0	433672	15685	0	135	0	106225874	87724	2661602	10263	0	0	2	2
1773198742	264	98850	105308	0	433672	15685	0	135	0	106226570	87731	2663080	10277	0	0	2	2
1773198744	266	98850	105308	0	433672	15685	0	135	0	106283846	87783	2664834	10291	0	0	2	2
1773198746	268	98850	105308	0	433672	15685	0	135	0	106341195	87832	2666144	10299	0	0	2	2
1773198748	270	98850	105308	0	433672	15685	0	135	0	110633978	91299	2688678	10500	0	0	2	2
1773198750	272	98850	105308	0	433672	15685	0	135	0	110690397	91350	2690008	10510	0	0	2	2
1773198752	274	98850	105308	0	433672	15685	0	135	0	110747382	91400	2690814	10515	0	0	2	2
1773198754	276	98850	105308	0	433672	15685	0	135	0	110747774	91403	2691605	10519	0	0	2	2
1773198756	278	98850	105308	0	433672	15685	0	135	0	110805337	91453	2692685	10526	0	0	2	2
1773198758	280	98850	105308	0	433672	15685	0	135	0	110861556	91500	2693377	10530	0	0	2	2
1773198760	282	98850	105308	0	433672	15685	0	135	0	114210449	94203	2707745	10658	0	0	2	2
1773198762	284	98850	105308	0	433672	15685	0	135	0	114266737	94251	2708222	10660	0	0	2	2
1773198764	286	98850	105308	0	433672	15685	0	135	0	114323074	94299	2709216	10666	0	0	2	2
1773198766	288	98850	105308	0	433672	15685	0	135	0	114323074	94299	2709406	10667	0	0	2	2
1773198768	290	98850	105308	0	433672	15685	0	135	0	114380033	94348	2710423	10674	0	0	2	2
1773198770	292	98850	105308	0	433672	15685	0	135	0	117919816	97210	2728829	10840	0	0	2	2
1773198772	294	98850	105308	0	433672	15685	0	135	0	117919816	97210	2729019	10841	0	0	2	2
1773198774	296	98850	105308	0	433672	15685	0	135	0	117976296	97258	2729604	10844	0	0	2	2
1773198776	298	98850	105308	0	433672	15685	0	135	0	118033414	97307	2730391	10849	0	0	2	2
1773198778	300	98850	105308	0	433672	15685	0	135	0	118033532	97308	2730771	10851	0	0	2	2
1773198780	302	98850	105308	0	433672	15685	0	135	0	121485458	100105	2751625	11015	0	0	2	2
1773198782	304	98850	105308	0	433672	15685	0	135	0	121542006	100154	2752211	11018	0	0	2	2
1773198784	306	98850	105308	0	433672	15685	0	135	0	121542124	100155	2752591	11020	0	0	2	2
1773198786	308	98850	105308	0	433672	15685	0	135	0	121598862	100204	2753288	11024	0	0	2	2
1773198788	310	98850	105308	0	433672	15685	0	135	0	121655199	100252	2754474	11031	0	0	2	2
1773198790	312	98850	105308	0	433672	15685	0	135	0	126829400	104426	2778379	11244	0	0	2	2
1773198792	314	98850	105308	0	433672	15685	0	135	0	126886890	104475	2779295	11250	0	0	2	2
1773198794	316	98850	105308	0	433672	15685	0	135	0	126944239	104524	2780613	11259	0	0	2	2
1773198796	318	98850	105308	0	433672	15685	0	135	0	126944842	104533	2782648	11277	0	0	2	2
1773198798	320	98850	105308	0	433672	15685	0	135	0	127002128	104595	2784816	11295	0	0	2	2
1773198800	322	98850	105308	0	433672	15685	0	135	0	129082368	106276	2797381	11403	0	0	2	2
1773198802	324	98850	105308	0	433672	15685	0	135	0	130467948	107401	2804525	11469	0	0	2	2
1773198804	326	98850	105308	0	433672	15685	0	135	0	130525182	107454	2806261	11481	0	0	2	2
1773198806	328	98850	105308	0	433672	15685	0	135	0	130582067	107505	2807026	11486	0	0	2	2
1773198808	330	98850	105308	0	433672	15685	0	135	0	130582109	107506	2807088	11487	0	0	2	2
1773198810	332	98850	105308	0	433672	15685	0	135	0	130639033	107555	2807786	11491	0	0	2	2
1773198812	334	98850	105308	0	433672	15685	0	135	0	135325696	111336	2829950	11687	0	0	2	2
1773198814	336	98850	105308	0	433672	15685	0	135	0	135326154	111341	2831303	11696	0	0	2	2
1773198816	338	98850	105308	0	433672	15685	0	135	0	135383273	111390	2832743	11707	0	0	2	2
1773198818	340	98850	105308	0	433672	15685	0	135	0	135440315	111440	2833927	11714	0	0	2	2
1773198820	342	98850	105308	0	433672	15685	0	135	0	135440401	111441	2834260	11717	0	0	2	2
1773198822	344	98850	105308	0	433672	15685	0	135	0	138458843	113891	2850223	11859	0	0	2	2
1773198824	346	98850	105308	0	433672	15685	0	135	0	138515945	113945	2851652	11870	0	0	2	2
1773198826	348	98850	105308	0	433672	15685	0	135	0	138516063	113946	2852032	11872	0	0	2	2
1773198828	350	98850	105308	0	433672	15685	0	135	0	138572163	113994	2852730	11876	0	0	2	2
1773198830	352	98850	105308	0	433672	15685	0	135	0	138628763	114043	2853727	11882	0	0	2	2
1773198832	354	98850	105308	0	433672	15685	0	135	0	143754670	118181	2879147	12108	0	0	2	2
1773198834	356	98850	105308	0	433672	15685	0	135	0	143810958	118229	2879842	12112	0	0	2	2
1773198836	358	98850	105308	0	433672	15685	0	135	0	143867891	118280	2881226	12121	0	0	2	2
1773198838	360	98850	105308	0	433672	15685	0	135	0	143872993	118292	2881288	12122	0	0	2	2
1773198840	362	98850	105308	0	433672	15685	0	135	0	143930671	118341	2881985	12126	0	0	2	2
1773198842	364	98850	105308	0	433672	15685	0	135	0	148514969	122045	2901701	12302	0	0	2	2
1773198844	366	98850	105308	0	433672	15685	0	135	0	148515087	122046	2902081	12304	0	0	2	2
1773198846	368	98850	105308	0	433672	15685	0	135	0	148571817	122096	2903409	12312	0	0	2	2
1773198848	370	98850	105308	0	433672	15685	0	135	0	148628863	122144	2904216	12317	0	0	2	2
1773198850	372	98850	105308	0	433672	15685	0	135	0	148628863	122144	2904216	12317	0	0	2	2
1773198852	374	98850	105308	0	433672	15685	0	135	0	151200236	124220	2918244	12441	0	0	2	2
1773198854	376	98850	105308	0	433672	15685	0	135	0	152670231	125409	2925262	12501	0	0	2	2
1773198856	378	98850	105308	0	433672	15685	0	135	0	152670306	125410	2925353	12502	0	0	2	2
1773198858	380	98850	105308	0	433672	15685	0	135	0	152731149	125471	2926050	12506	0	0	2	2
1773198860	382	98850	105308	0	433672	15685	0	135	0	152787934	125518	2927074	12513	0	0	2	2
1773198862	384	98850	105308	0	433672	15685	0	135	0	152788462	125521	2927644	12517	0	0	2	2
1773198864	386	98850	105308	0	433672	15685	0	135	0	156868647	128813	2941273	12635	0	0	2	2
1773198866	388	98850	105308	0	433672	15685	0	135	0	156925535	128864	2942139	12641	0	0	2	2
1773198868	390	98850	105308	0	433672	15685	0	135	0	156928242	128871	2942139	12641	0	0	2	2
1773198870	392	98850	105308	0	433672	15685	0	135	0	156988198	128925	2943648	12651	0	0	2	2
1773198872	394	98850	105308	0	433672	15685	0	135	0	157045244	128973	2944453	12656	0	0	2	2
1773198874	396	98850	105308	0	433672	15685	0	135	0	161372302	132463	2962451	12817	0	0	2	2
1773198876	398	98850	105308	0	433672	15685	0	135	0	161430705	132517	2963761	12826	0	0	2	2
1773198878	400	98850	105308	0	433672	15685	0	135	0	161487372	132565	2964754	12832	0	0	2	2
1773198880	402	98850	105308	0	433672	15685	0	135	0	161487372	132565	2964754	12832	0	0	2	2
1773198882	404	98850	105308	0	433672	15685	0	135	0	161544952	132616	2965764	12839	0	0	2	2
1773198884	406	98850	105308	0	433672	15685	0	135	0	165821681	136074	2985353	13012	0	0	2	2
1773198886	408	98850	105308	0	433672	15685	0	135	0	165821681	136074	2985353	13012	0	0	2	2
1773198888	410	98850	105308	0	433672	15685	0	135	0	165878728	136124	2986537	13019	0	0	2	2
1773198890	412	98850	105308	0	433672	15685	0	135	0	165935658	136173	2987450	13025	0	0	2	2
1773198892	414	98850	105308	0	433672	15685	0	135	0	165935960	136175	2988051	13028	0	0	2	2
1773198894	416	98850	105308	0	433672	15685	0	135	0	169888770	139373	3007005	13194	0	0	2	2
1773198896	418	98850	105308	0	433672	15685	0	135	0	169945602	139423	3008263	13203	0	0	2	2
1773198898	420	98850	105308	0	433672	15685	0	135	0	169945602	139423	3008453	13204	0	0	2	2
1773198900	422	98850	105308	0	433672	15685	0	135	0	170003994	139475	3009260	13209	0	0	2	2
1773198902	424	98850	105308	0	433672	15685	0	135	0	170061245	139527	3010052	13214	0	0	2	2
1773198904	426	98850	105308	0	433672	15685	0	135	0	170244507	139680	3011071	13221	0	0	2	2
1773198906	428	98850	105308	0	433672	15685	0	135	0	174116319	142806	3027706	13369	0	0	2	2
1773198908	430	98850	105308	0	433672	15685	0	135	0	174172538	142853	3028510	13374	0	0	2	2
1773198910	432	98850	105308	0	433672	15685	0	135	0	174172656	142854	3028890	13376	0	0	2	2
1773198912	434	98850	105308	0	433672	15685	0	135	0	174230230	142904	3029903	13383	0	0	2	2
1773198914	436	98850	105308	0	433672	15685	0	135	0	174286826	142953	3031045	13388	0	0	2	2
1773198916	438	98850	105308	0	433672	15685	0	135	0	179159854	146890	3050446	13558	0	0	2	2
1773198918	440	98850	105308	0	433672	15685	0	135	0	179221587	146949	3055245	13573	0	0	2	2
1773198920	442	98850	105308	0	433672	15685	0	135	0	179278699	146998	3055943	13577	0	0	2	2
1773198922	444	98850	105308	0	433672	15685	0	135	0	179278904	146999	3056037	13578	0	0	2	2
1773198924	446	98850	105308	0	433672	15685	0	135	0	179335549	147049	3057150	13586	0	0	2	2
1773198926	448	98850	105308	0	433672	15685	0	135	0	183466410	150386	3077892	13770	0	0	2	2
1773198928	450	98850	105308	0	433672	15685	0	135	0	183466410	150386	3077892	13770	0	0	2	2
1773198930	452	98850	105308	0	433672	15685	0	135	0	183523527	150437	3078860	13775	0	0	2	2
1773198932	454	98850	105308	0	433672	15685	0	135	0	183582622	150491	3079667	13780	0	0	2	2
1773198934	456	98850	105308	0	433672	15685	0	135	0	183582740	150492	3080237	13783	0	0	2	2
1773198936	458	98850	105308	0	433672	15685	0	135	0	186658927	152979	3097958	13939	0	0	2	2
1773198938	460	98850	105308	0	433672	15685	0	135	0	186715594	153027	3098875	13945	0	0	2	2
1773198940	462	98850	105308	0	433672	15685	0	135	0	186717114	153032	3098875	13945	0	0	2	2
1773198942	464	98850	105308	0	433672	15685	0	135	0	186774329	153085	3100486	13956	0	0	2	2
1773198944	466	98850	105308	0	433672	15685	0	135	0	186831184	153133	3101509	13963	0	0	2	2
1773198946	468	98850	105308	0	433672	15685	0	135	0	190776359	156314	3120899	14138	0	0	2	2
1773198948	470	98850	105308	0	433672	15685	0	135	0	190832887	156362	3122087	14145	0	0	2	2
1773198950	472	98850	105308	0	433672	15685	0	135	0	190889109	156409	3123221	14153	0	0	2	2
1773198952	474	98850	105308	0	433672	15685	0	135	0	190889109	156409	3123221	14153	0	0	2	2
1773198954	476	98850	105308	0	433672	15685	0	135	0	190946151	156459	3124000	14157	0	0	2	2
1773198956	478	98850	105308	0	433672	15685	0	135	0	191003096	156509	3125227	14165	0	0	2	2
1773198958	480	98850	105308	0	433672	15685	0	135	0	194693905	159489	3142332	14319	0	0	2	2
1773198960	482	98850	105308	0	433672	15685	0	135	0	194750759	159539	3143659	14328	0	0	2	2
1773198962	484	98850	105308	0	433672	15685	0	135	0	194808007	159588	3144558	14334	0	0	2	2
1773198964	486	98850	105308	0	433672	15685	0	135	0	194808053	159589	3144558	14334	0	0	2	2
1773198966	488	98850	105308	0	433672	15685	0	135	0	194864601	159638	3145474	14340	0	0	2	2
1773198968	490	98850	105308	0	433672	15685	0	135	0	198941276	162930	3164836	14511	0	0	2	2
1773198970	492	98850	105308	0	433672	15685	0	135	0	198941276	162930	3164836	14511	0	0	2	2
1773198972	494	98850	105308	0	433672	15685	0	135	0	198998014	162979	3165644	14516	0	0	2	2
1773198974	496	98850	105308	0	433672	15685	0	135	0	199054496	163027	3166452	14521	0	0	2	2
1773198976	498	98850	105308	0	433672	15685	0	135	0	199054689	163029	3166923	14524	0	0	2	2
1773198978	500	98850	105308	0	433672	15685	0	135	0	203207441	166391	3188093	14709	0	0	2	2
1773198980	502	98850	105308	0	433672	15685	0	135	0	203263661	166438	3189116	14716	0	0	2	2
1773198982	504	98850	105308	0	433672	15685	0	135	0	203264050	166440	3189621	14719	0	0	2	2
1773198984	506	98850	105308	0	433672	15685	0	135	0	203321283	166488	3190209	14722	0	0	2	2
1773198986	508	98850	105308	0	433672	15685	0	135	0	203378325	166538	3191395	14729	0	0	2	2
1773198988	510	98850	105308	0	433672	15685	0	135	0	206450109	169026	3207812	14877	0	0	2	2
1773198990	512	98850	105308	0	433672	15685	0	135	0	206506730	169076	3208401	14880	0	0	2	2
1773198992	514	98850	105308	0	433672	15685	0	135	0	206564077	169128	3209100	14884	0	0	2	2
1773198994	516	98850	105308	0	433672	15685	0	135	0	206564195	169129	3210018	14891	0	0	2	2
1773198996	518	98850	105308	0	433672	15685	0	135	0	206622775	169181	3210605	14894	0	0	2	2
1773198998	520	98850	105308	0	433672	15685	0	135	0	210785428	172545	3235141	15107	0	0	2	2
1773199000	522	98850	105308	0	433672	15685	0	135	0	210785546	172546	3235521	15109	0	0	2	2
1773199002	524	98850	105308	0	433672	15685	0	135	0	210842815	172596	3236708	15117	0	0	2	2
1773199004	526	98850	105308	0	433672	15685	0	135	0	210899307	172646	3237993	15125	0	0	2	2
1773199006	528	98850	105308	0	433672	15685	0	135	0	210899307	172646	3237993	15125	0	0	2	2
1773199008	530	98850	105308	0	433672	15685	0	135	0	210956011	172697	3238689	15129	0	0	2	2
1773199010	532	98850	105308	0	433672	15685	0	135	0	214552279	175598	3258190	15301	0	0	2	2
1773199012	534	98850	105308	0	433672	15685	0	135	0	214552279	175598	3258190	15301	0	0	2	2
1773199014	536	98850	105308	0	433672	15685	0	135	0	214608945	175648	3259702	15311	0	0	2	2
1773199016	538	98850	105308	0	433672	15685	0	135	0	214665890	175697	3260726	15318	0	0	2	2
1773199018	540	98850	105308	0	433672	15685	0	135	0	214666007	175699	3260879	15320	0	0	2	2
1773199020	542	98850	105308	0	433672	15685	0	135	0	218023427	178411	3276914	15461	0	0	2	2
1773199022	544	98850	105308	0	433672	15685	0	135	0	218080814	178466	3279004	15473	0	0	2	2
1773199024	546	98850	105308	0	433672	15685	0	135	0	218081280	178471	3281757	15478	0	0	2	2
1773199026	548	98850	105308	0	433672	15685	0	135	0	218137760	178519	3282565	15483	0	0	2	2
1773199028	550	98850	105308	0	433672	15685	0	135	0	218194846	178571	3284117	15492	0	0	2	2
1773199030	552	98850	105308	0	433672	15685	0	135	0	224260638	183474	3312386	15741	0	0	2	2
1773199032	554	98850	105308	0	433672	15685	0	135	0	224317846	183524	3313299	15747	0	0	2	2
1773199034	556	98850	105308	0	433672	15685	0	135	0	224374513	183572	3314104	15752	0	0	2	2
1773199036	558	98850	105308	0	433672	15685	0	135	0	224374967	183576	3314484	15754	0	0	2	2
1773199038	560	98850	105308	0	433672	15685	0	135	0	224432476	183630	3315273	15759	0	0	2	2
1773199040	562	98850	105308	0	433672	15685	0	135	0	228007087	186515	3327888	15870	0	0	2	2
1773199042	564	98850	105308	0	433672	15685	0	135	0	228007205	186516	3328268	15872	0	0	2	2
1773199044	566	98850	105308	0	433672	15685	0	135	0	228063993	186567	3329372	15880	0	0	2	2
1773199046	568	98850	105308	0	433672	15685	0	135	0	228120733	186618	3330560	15887	0	0	2	2
1773199048	570	98850	105308	0	433672	15685	0	135	0	228120775	186619	3330622	15888	0	0	2	2
1773199050	572	98850	105308	0	433672	15685	0	135	0	230545887	188579	3345166	16013	0	0	2	2
1773199052	574	98850	105308	0	433672	15685	0	135	0	230602160	188627	3345971	16018	0	0	2	2
1773199054	576	98850	105308	0	433672	15685	0	135	0	230602368	188629	3346351	16020	0	0	2	2
1773199056	578	98850	105308	0	433672	15685	0	135	0	230659292	188678	3347457	16027	0	0	2	2
1773199058	580	98850	105308	0	433672	15685	0	135	0	230716410	188727	3348028	16030	0	0	2	2
1773199060	582	98850	105308	0	433672	15685	0	135	0	230716410	188727	3348028	16030	0	0	2	2
1773199062	584	98850	105308	0	433672	15685	0	135	0	234614413	191875	3368111	16209	0	0	2	2
1773199064	586	98850	105308	0	433672	15685	0	135	0	234672155	191925	3369175	16215	0	0	2	2
1773199066	588	98850	105308	0	433672	15685	0	135	0	234672155	191925	3369175	16215	0	0	2	2
1773199068	590	98850	105308	0	433672	15685	0	135	0	234728373	191974	3370279	16222	0	0	2	2
1773199070	592	98850	105308	0	433672	15685	0	135	0	234784921	192023	3371383	16229	0	0	2	2
1773199072	594	98850	105308	0	433672	15685	0	135	0	238293221	194854	3390314	16396	0	0	2	2
1773199074	596	98850	105308	0	433672	15685	0	135	0	238350141	194904	3391205	16400	0	0	2	2
1773199076	598	98850	105308	0	433672	15685	0	135	0	238406332	194953	3392454	16408	0	0	2	2
1773199078	600	98850	105308	0	433672	15685	0	135	0	238406525	194955	3392925	16411	0	0	2	2
1773199080	602	2931054	23453052	0	23720156	23040	0	297	0	238463825	195004	3393733	16416	0	0	9	9
1773199082	604	2931054	23453052	0	23720156	23040	0	297	0	242560951	198311	3415766	16612	0	0	9	9
1773199084	606	2931054	23453052	0	23720156	23040	0	297	0	242561156	198312	3416050	16614	0	0	9	9
1773199086	608	2931054	23453052	0	23720156	23040	0	297	0	242617374	198359	3417073	16621	0	0	9	9
1773199088	610	2931054	23453052	0	23720156	23040	0	297	0	242673922	198408	3417769	16625	0	0	9	9
1773199090	612	2931054	23453052	0	23720156	23040	0	297	0	242674204	198411	3418421	16629	0	0	9	9
1773199092	614	2931054	23453052	0	23720156	23040	0	297	0	246714694	201674	3437074	16791	0	0	9	9
1773199094	616	2931054	23453052	0	23720156	23040	0	297	0	246771565	201722	3437951	16796	0	0	9	9
1773199096	618	2931054	23453052	0	23720156	23040	0	297	0	246771565	201722	3437951	16796	0	0	9	9
1773199098	620	2931054	23453052	0	23720156	23040	0	297	0	246833162	201783	3438850	16802	0	0	9	9
1773199100	622	2931054	23453052	0	23720156	23040	0	297	0	246889837	201833	3440035	16809	0	0	9	9
1773199102	624	2931054	23453052	0	23720156	23040	0	297	0	250954850	205112	3457438	16966	0	0	9	9
1773199104	626	2931054	23453052	0	23720156	23040	0	297	0	251011977	205165	3458399	16973	0	0	9	9
1773199106	628	2931054	23453052	0	23720156	23040	0	297	0	251068689	205214	3459266	16979	0	0	9	9
1773199108	630	2931054	23453052	0	23720156	23040	0	297	0	251068807	205215	3459646	16981	0	0	9	9
1773199110	632	2931054	23453052	0	23720156	23040	0	297	0	251125285	205263	3460562	16987	0	0	9	9
1773199112	634	2931054	23453052	0	23720156	23040	0	297	0	251182470	205313	3461260	16991	0	0	9	9
1773199114	636	2931054	23453052	0	23720156	23040	0	297	0	255906594	209122	3484809	17202	0	0	9	9
1773199116	638	2931054	23453052	0	23720156	23040	0	297	0	255963346	209173	3485888	17208	0	0	9	9
1773199118	640	2931054	23453052	0	23720156	23040	0	297	0	256019452	209221	3487109	17215	0	0	9	9
1773199120	642	2931054	23453052	0	23720156	23040	0	297	0	256019754	209223	3487819	17221	0	0	9	9
1773199122	644	2931054	23453052	0	23720156	23040	0	297	0	256077851	209278	3489236	17231	0	0	9	9
1773199124	646	2931054	23453052	0	23720156	23040	0	297	0	261260875	213461	3514074	17453	0	0	9	9
1773199126	648	2931054	23453052	0	23720156	23040	0	297	0	261260875	213461	3514074	17453	0	0	9	9
1773199128	650	2931054	23453052	0	23720156	23040	0	297	0	261317654	213511	3514948	17459	0	0	9	9
1773199130	652	2931054	23453052	0	23720156	23040	0	297	0	261374629	213560	3516244	17467	0	0	9	9
1773199132	654	2931054	23453052	0	23720156	23040	0	297	0	261374629	213560	3516244	17467	0	0	9	9
1773199134	656	2931054	23453052	0	23720156	23040	0	297	0	267093544	218181	3542456	17701	0	0	9	9
1773199136	658	2931054	23453052	0	23720156	23040	0	297	0	267149693	218229	3543535	17707	0	0	9	9
1773199138	660	2931054	23453052	0	23720156	23040	0	297	0	267155339	218241	3543626	17708	0	0	9	9
1773199140	662	2931054	23453052	0	23720156	23040	0	297	0	267211887	218290	3544540	17714	0	0	9	9
1773199142	664	2931054	23453052	0	23720156	23040	0	297	0	267268554	218338	3545345	17719	0	0	9	9
1773199144	666	2931054	23453052	0	23720156	23040	0	297	0	270724740	221135	3562454	17872	0	0	9	9
1773199146	668	2931054	23453052	0	23720156	23040	0	297	0	270781666	221184	3563261	17877	0	0	9	9
1773199148	670	2931054	23453052	0	23720156	23040	0	297	0	270837699	221231	3564068	17882	0	0	9	9
1773199150	672	2931054	23453052	0	23720156	23040	0	297	0	270837817	221232	3564258	17883	0	0	9	9
1773199152	674	2931054	23453052	0	23720156	23040	0	297	0	270894673	221280	3565256	17889	0	0	9	9
1773199154	676	2931054	23453052	0	23720156	23040	0	297	0	270952281	221333	3566572	17896	0	0	9	9
1773199156	678	2931054	23453052	0	23720156	23040	0	297	0	275980693	225390	3589305	18103	0	0	9	9
1773199158	680	2931054	23453052	0	23720156	23040	0	297	0	276037432	225439	3590201	18109	0	0	9	9
1773199160	682	2931054	23453052	0	23720156	23040	0	297	0	276094407	225489	3591286	18117	0	0	9	9
1773199162	684	2931054	23453052	0	23720156	23040	0	297	0	276094525	225490	3591666	18119	0	0	9	9
1773199164	686	2931054	23453052	0	23720156	23040	0	297	0	276151680	225540	3592876	18128	0	0	9	9
1773199166	688	2931054	23453052	0	23720156	23040	0	297	0	281736371	230055	3622580	18392	0	0	9	9
1773199168	690	2931054	23453052	0	23720156	23040	0	297	0	281738797	230061	3622770	18393	0	0	9	9
1773199170	692	2931054	23453052	0	23720156	23040	0	297	0	281797565	230113	3623578	18398	0	0	9	9
1773199172	694	2931054	23453052	0	23720156	23040	0	297	0	281856847	230169	3624875	18406	0	0	9	9
1773199174	696	2931054	23453052	0	23720156	23040	0	297	0	281858400	230172	3625065	18407	0	0	9	9
1773199176	698	2931054	23453052	0	23720156	23040	0	297	0	286203304	233679	3649721	18623	0	0	9	9
1773199178	700	2931054	23453052	0	23720156	23040	0	297	0	286260229	233728	3650531	18628	0	0	9	9
1773199180	702	2931054	23453052	0	23720156	23040	0	297	0	286260422	233730	3651002	18631	0	0	9	9
1773199182	704	2931054	23453052	0	23720156	23040	0	297	0	286319488	233780	3651918	18637	0	0	9	9
1773199184	706	2931054	23453052	0	23720156	23040	0	297	0	286378128	233834	3652881	18644	0	0	9	9
1773199186	708	2931054	23453052	0	23720156	23040	0	297	0	289596188	236429	3668412	18784	0	0	9	9
1773199188	710	2931054	23453052	0	23720156	23040	0	297	0	289653921	236480	3669682	18792	0	0	9	9
1773199190	712	2931054	23453052	0	23720156	23040	0	297	0	289710587	236530	3670979	18800	0	0	9	9
1773199192	714	2931054	23453052	0	23720156	23040	0	297	0	289710673	236531	3671077	18801	0	0	9	9
1773199194	716	2931054	23453052	0	23720156	23040	0	297	0	289767221	236580	3672100	18808	0	0	9	9
1773199196	718	2931054	23453052	0	23720156	23040	0	297	0	291987931	238375	3684796	18919	0	0	9	9
1773199198	720	2931054	23453052	0	23720156	23040	0	297	0	291988051	238377	3685154	18922	0	0	9	9
1773199200	722	2931054	23453052	0	23720156	23040	0	297	0	292046894	238430	3685834	18926	0	0	9	9
1773199202	724	2931054	23453052	0	23720156	23040	0	297	0	292103115	238477	3686314	18928	0	0	9	9
1773199204	726	2931054	23453052	0	23720156	23040	0	297	0	292103320	238478	3686408	18929	0	0	9	9
1773199206	728	2931054	23453052	0	23720156	23040	0	297	0	292159992	238528	3687961	18937	0	0	9	9
1773199208	730	2931054	23453052	0	23720156	23040	0	297	0	295695395	241391	3705639	19093	0	0	9	9
1773199210	732	2931054	23453052	0	23720156	23040	0	297	0	295695555	241393	3706406	19097	0	0	9	9
1773199212	734	2931054	23453052	0	23720156	23040	0	297	0	295752366	241444	3707297	19103	0	0	9	9
1773199214	736	2931054	23453052	0	23720156	23040	0	297	0	295808939	241493	3708103	19108	0	0	9	9
1773199216	738	2931054	23453052	0	23720156	23040	0	297	0	295809783	241501	3708513	19111	0	0	9	9
1773199218	740	2931054	23453052	0	23720156	23040	0	297	0	299665672	244621	3727235	19276	0	0	9	9
1773199220	742	2931054	23453052	0	23720156	23040	0	297	0	299759471	244727	3733408	19303	0	0	9	9
1773199222	744	2931054	23453052	0	23720156	23040	0	297	0	299762126	244738	3737791	19316	0	0	9	9
1773199224	746	2931054	23453052	0	23720156	23040	0	297	0	299819593	244790	3738692	19322	0	0	9	9
1773199226	748	2931054	23453052	0	23720156	23040	0	297	0	299876639	244838	3739390	19326	0	0	9	9
1773199228	750	2931054	23453052	0	23720156	23040	0	297	0	304181061	248309	3757012	19485	0	0	9	9
1773199230	752	2931054	23453052	0	23720156	23040	0	297	0	304237211	248357	3758415	19494	0	0	9	9
1773199232	754	2931054	23453052	0	23720156	23040	0	297	0	304297337	248417	3759329	19500	0	0	9	9
1773199234	756	2931054	23453052	0	23720156	23040	0	297	0	304297532	248419	3759803	19503	0	0	9	9
1773199236	758	2931054	23453052	0	23720156	23040	0	297	0	304354198	248467	3760691	19508	0	0	9	9
1773199238	760	2931054	23453052	0	23720156	23040	0	297	0	308044276	251445	3782990	19707	0	0	9	9
1773199240	762	2931054	23453052	0	23720156	23040	0	297	0	308044436	251447	3783432	19710	0	0	9	9
1773199242	764	2931054	23453052	0	23720156	23040	0	297	0	308101926	251501	3784299	19715	0	0	9	9
1773199244	766	2931054	23453052	0	23720156	23040	0	297	0	308158610	251550	3785501	19723	0	0	9	9
1773199246	768	2931054	23453052	0	23720156	23040	0	297	0	308166338	251584	3799478	19759	0	0	9	9
1773199248	770	2931054	23453052	0	23720156	23040	0	297	0	312319434	254948	3822483	19952	0	0	9	9
1773199250	772	2931054	23453052	0	23720156	23040	0	297	0	312376222	254995	3823290	19957	0	0	9	9
1773199252	774	2931054	23453052	0	23720156	23040	0	297	0	312376340	254996	3823480	19958	0	0	9	9
1773199254	776	2931054	23453052	0	23720156	23040	0	297	0	312432562	255043	3824586	19965	0	0	9	9
1773199256	778	2931054	23453052	0	23720156	23040	0	297	0	312489688	255093	3825944	19973	0	0	9	9
1773199258	780	2931054	23453052	0	23720156	23040	0	297	0	312489872	255094	3826030	19974	0	0	9	9
1773199260	782	196539	399536	0	1025940	30237	0	432	0	315549170	257564	3843274	20126	0	0	3	3
1773199262	784	196539	399536	0	1025940	30237	0	432	0	315606406	257614	3844163	20131	0	0	3	3
1773199264	786	196539	399536	0	1025940	30237	0	432	0	315613957	257626	3849002	20142	0	0	3	3
1773199266	788	196539	399536	0	1025940	30237	0	432	0	315680178	257696	3858455	20167	0	0	3	3
1773199268	790	196539	399536	0	1025940	30237	0	432	0	315736848	257744	3859151	20171	0	0	3	3
1773199270	792	196539	399536	0	1025940	30237	0	432	0	320002354	261188	3880341	20361	0	0	3	3
1773199272	794	196539	399536	0	1025940	30237	0	432	0	320058839	261236	3881230	20366	0	0	3	3
1773199274	796	196539	399536	0	1025940	30237	0	432	0	320116069	261286	3882308	20372	0	0	3	3
1773199276	798	196539	399536	0	1025940	30237	0	432	0	320116069	261286	3882308	20372	0	0	3	3
1773199278	800	196539	399536	0	1025940	30237	0	432	0	320172993	261335	3883007	20376	0	0	3	3
1773199280	802	196539	399536	0	1025940	30237	0	432	0	325171807	265370	3910306	20614	0	0	3	3
1773199282	804	196539	399536	0	1025940	30237	0	432	0	325171939	265372	3910603	20617	0	0	3	3
1773199284	806	196539	399536	0	1025940	30237	0	432	0	325229476	265425	3912066	20627	0	0	3	3
1773199286	808	196539	399536	0	1025940	30237	0	432	0	325286295	265475	3913077	20634	0	0	3	3
1773199288	810	196539	399536	0	1025940	30237	0	432	0	325289884	265483	3913139	20635	0	0	3	3
1773199290	812	196539	399536	0	1025940	30237	0	432	0	328229019	267873	3940150	20809	0	0	3	3
1773199292	814	196539	399536	0	1025940	30237	0	432	0	328285220	267922	3941038	20814	0	0	3	3
1773199294	816	196539	399536	0	1025940	30237	0	432	0	328285312	267924	3941228	20815	0	0	3	3
1773199296	818	196539	399536	0	1025940	30237	0	432	0	328343890	267978	3942416	20822	0	0	3	3
1773199298	820	196539	399536	0	1025940	30237	0	432	0	328401008	268027	3943115	20826	0	0	3	3
1773199300	822	196539	399536	0	1025940	30237	0	432	0	329539519	268950	3946829	20856	0	0	3	3
1773199302	824	196539	399536	0	1025940	30237	0	432	0	332999326	271740	3965173	21017	0	0	3	3
1773199304	826	196539	399536	0	1025940	30237	0	432	0	333055966	271791	3966382	21024	0	0	3	3
1773199306	828	196539	399536	0	1025940	30237	0	432	0	333056518	271796	3966904	21029	0	0	3	3
1773199308	830	196539	399536	0	1025940	30237	0	432	0	333112924	271845	3968091	21036	0	0	3	3
1773199310	832	196539	399536	0	1025940	30237	0	432	0	333161076	271887	3969007	21042	0	0	3	3
1773199312	834	196539	399536	0	1025940	30237	0	432	0	337135555	275093	3989225	21225	0	0	3	3
1773199314	836	196539	399536	0	1025940	30237	0	432	0	337185845	275138	3990114	21230	0	0	3	3
1773199316	838	196539	399536	0	1025940	30237	0	432	0	337241878	275185	3991221	21237	0	0	3	3
1773199318	840	196539	399536	0	1025940	30237	0	432	0	337241878	275185	3991221	21237	0	0	3	3
1773199320	842	196539	399536	0	1025940	30237	0	432	0	337298686	275235	3992226	21244	0	0	3	3
1773199322	844	196539	399536	0	1025940	30237	0	432	0	342402794	279359	4021350	21475	0	0	3	3
1773199324	846	196539	399536	0	1025940	30237	0	432	0	342402794	279359	4021540	21476	0	0	3	3
1773199326	848	196539	399536	0	1025940	30237	0	432	0	342460274	279410	4022323	21481	0	0	3	3
1773199328	850	196539	399536	0	1025940	30237	0	432	0	342519424	279468	4023292	21486	0	0	3	3
1773199330	852	196539	399536	0	1025940	30237	0	432	0	342519424	279468	4023400	21487	0	0	3	3
1773199332	854	196539	399536	0	1025940	30237	0	432	0	347691046	283646	4044136	21672	0	0	3	3
1773199334	856	196539	399536	0	1025940	30237	0	432	0	347747643	283693	4044835	21676	0	0	3	3
1773199336	858	196539	399536	0	1025940	30237	0	432	0	347747803	283695	4045277	21679	0	0	3	3
1773199338	860	196539	399536	0	1025940	30237	0	432	0	347804539	283744	4046082	21684	0	0	3	3
1773199340	862	196539	399536	0	1025940	30237	0	432	0	347865166	283807	4047088	21691	0	0	3	3
1773199342	864	196539	399536	0	1025940	30237	0	432	0	350503641	285936	4060489	21808	0	0	3	3
1773199344	866	196539	399536	0	1025940	30237	0	432	0	350560941	285985	4061405	21814	0	0	3	3
1773199346	868	196539	399536	0	1025940	30237	0	432	0	350629275	286045	4062897	21823	0	0	3	3
1773199348	870	196539	399536	0	1025940	30237	0	432	0	350630210	286052	4064113	21831	0	0	3	3
1773199350	872	196539	399536	0	1025940	30237	0	432	0	350630460	286054	4064827	21834	0	0	3	3
1773199352	874	196539	399536	0	1025940	30237	0	432	0	357309589	291509	4235986	22855	0	0	3	3
1773199354	876	196539	399536	0	1025940	30237	0	432	0	357309729	291511	4236176	22856	0	0	3	3
1773199356	878	196539	399536	0	1025940	30237	0	432	0	357309729	291511	4236176	22856	0	0	3	3
1773199358	880	196539	399536	0	1025940	30237	0	432	0	357310179	291516	4237622	22863	0	0	3	3
1773199360	882	196539	399536	0	1025940	30237	0	432	0	357310251	291517	4237713	22864	0	0	3	3
1773199362	884	196539	399536	0	1025940	30237	0	432	0	357310293	291518	4237775	22865	0	0	3	3
1773199364	886	196539	399536	0	1025940	30237	0	432	0	357310503	291520	4238197	22869	0	0	3	3
1773199366	888	196539	399536	0	1025940	30237	0	432	0	357310909	291522	4238385	22871	0	0	3	3
1773199368	890	196539	399536	0	1025940	30237	0	432	0	357311113	291524	4238681	22873	0	0	3	3
1773199370	892	196539	399536	0	1025940	30237	0	432	0	361073100	294560	4257784	23039	0	0	3	3
1773199372	894	196539	399536	0	1025940	30237	0	432	0	361073100	294560	4257784	23039	0	0	3	3
1773199374	896	196539	399536	0	1025940	30237	0	432	0	361073336	294562	4258956	23047	0	0	3	3
1773199376	898	196539	399536	0	1025940	30237	0	432	0	364782976	297555	4276616	23208	0	0	3	3
1773199378	900	196539	399536	0	1025940	30237	0	432	0	364782976	297555	4276806	23209	0	0	3	3
1773199380	902	196539	399536	0	1025940	30237	0	432	0	364783134	297557	4276995	23211	0	0	3	3
1773199382	904	196539	399536	0	1025940	30237	0	432	0	364783134	297557	4276995	23211	0	0	3	3
1773199384	906	196539	399536	0	1025940	30237	0	432	0	364783212	297558	4277101	23212	0	0	3	3
1773199386	908	196539	399536	0	1025940	30237	0	432	0	366030583	298620	4349145	23565	0	0	3	3
1773199388	910	196539	399536	0	1025940	30237	0	432	0	381525495	311147	4477100	24541	0	0	3	3
1773199390	912	196539	399536	0	1025940	30237	0	432	0	382958464	312307	4491951	24672	0	0	3	3
1773199392	914	196539	399536	0	1025940	30237	0	432	0	382958464	312307	4491951	24672	0	0	3	3
1773199394	916	196539	399536	0	1025940	30237	0	432	0	383015272	312355	4492641	24676	0	0	3	3
1773199396	918	196539	399536	0	1025940	30237	0	432	0	383071747	312404	4494336	24686	0	0	3	3
1773199398	920	196539	399536	0	1025940	30237	0	432	0	383071747	312404	4494336	24686	0	0	3	3
1773199400	922	196539	399536	0	1025940	30237	0	432	0	385413864	314299	4534754	25048	0	0	3	3
1773199402	924	196539	399536	0	1025940	30237	0	432	0	385413936	314300	4534845	25049	0	0	3	3
1773199404	926	196539	399536	0	1025940	30237	0	432	0	385436870	314329	4541653	25068	0	0	3	3
1773199406	928	196539	399536	0	1025940	30237	0	432	0	385437407	314334	4542164	25073	0	0	3	3
1773199408	930	196539	399536	0	1025940	30237	0	432	0	385494020	314384	4543179	25080	0	0	3	3
1773199410	932	196539	399536	0	1025940	30237	0	432	0	385494585	314390	4544192	25088	0	0	3	3
1773199412	934	196539	399536	0	1025940	30237	0	432	0	385551138	314440	4544986	25093	0	0	3	3
1773199414	936	196539	399536	0	1025940	30237	0	432	0	385608266	314490	4546032	25100	0	0	3	3
1773199416	938	196539	399536	0	1025940	30237	0	432	0	387571082	316076	4556938	25199	0	0	3	3
1773199418	940	196539	399536	0	1025940	30237	0	432	0	387627511	316126	4558221	25207	0	0	3	3
1773199420	942	196539	399536	0	1025940	30237	0	432	0	387684175	316175	4559005	25212	0	0	3	3
1773199422	944	196539	399536	0	1025940	30237	0	432	0	387685003	316181	4559533	25217	0	0	3	3
1773199424	946	196539	399536	0	1025940	30237	0	432	0	387741438	316229	4560223	25221	0	0	3	3
1773199426	948	196539	399536	0	1025940	30237	0	432	0	392566203	320129	4585862	25444	0	0	3	3
1773199428	950	196539	399536	0	1025940	30237	0	432	0	392566203	320129	4585862	25444	0	0	3	3
1773199430	952	196539	399536	0	1025940	30237	0	432	0	392623082	320178	4586549	25448	0	0	3	3
1773199432	954	196539	399536	0	1025940	30237	0	432	0	392679634	320227	4587509	25453	0	0	3	3
1773199434	956	196539	399536	0	1025940	30237	0	432	0	392679634	320227	4587509	25453	0	0	3	3
1773199436	958	196539	399536	0	1025940	30237	0	432	0	396888017	323626	4610933	25661	0	0	3	3
1773199438	960	196539	399536	0	1025940	30237	0	432	0	396948004	323680	4611519	25664	0	0	3	3
1773199440	962	196539	399536	0	1025940	30237	0	432	0	396948122	323681	4611709	25665	0	0	3	3
1773199442	964	196539	399536	0	1025940	30237	0	432	0	397004876	323732	4613305	25675	0	0	3	3
1773199444	966	196539	399536	0	1025940	30237	0	432	0	397061377	323781	4614102	25680	0	0	3	3
1773199446	968	196539	399536	0	1025940	30237	0	432	0	401826722	327633	4641247	25926	0	0	3	3
1773199448	970	196539	399536	0	1025940	30237	0	432	0	402017282	327792	4642675	25936	0	0	3	3
1773199450	972	196539	399536	0	1025940	30237	0	432	0	402074092	327840	4643790	25944	0	0	3	3
1773199452	974	196539	399536	0	1025940	30237	0	432	0	402074092	327840	4643824	25945	0	0	3	3
1773199454	976	196539	399536	0	1025940	30237	0	432	0	402130969	327889	4644519	25949	0	0	3	3
1773199456	978	196539	399536	0	1025940	30237	0	432	0	402187519	327938	4645485	25954	0	0	3	3
1773199458	980	196539	399536	0	1025940	30237	0	432	0	405953784	330978	4663873	26123	0	0	3	3
1773199460	982	196539	399536	0	1025940	30237	0	432	0	406014644	331040	4664898	26130	0	0	3	3
1773199462	984	196539	399536	0	1025940	30237	0	432	0	406071813	331092	4666377	26140	0	0	3	3
1773199464	986	196539	399536	0	1025940	30237	0	432	0	406071991	331094	4666595	26142	0	0	3	3
1773199466	988	196539	399536	0	1025940	30237	0	432	0	406128062	331143	4667696	26150	0	0	3	3
1773199468	990	196539	399536	0	1025940	30237	0	432	0	409026145	333499	4682682	26284	0	0	3	3
1773199470	992	196539	399536	0	1025940	30237	0	432	0	409026423	333502	4683206	26288	0	0	3	3
1773199472	994	196539	399536	0	1025940	30237	0	432	0	409083347	333551	4684201	26294	0	0	3	3
1773199474	996	196539	399536	0	1025940	30237	0	432	0	409139783	333601	4685386	26301	0	0	3	3
1773199476	998	196539	399536	0	1025940	30237	0	432	0	409139869	333602	4685484	26302	0	0	3	3
1773199478	1000	196539	399536	0	1025940	30237	0	432	0	411577927	335571	4696915	26404	0	0	3	3
1773199480	1002	196539	399536	0	1025940	30237	0	432	0	411634710	335618	4697499	26407	0	0	3	3
1773199482	1004	196539	399536	0	1025940	30237	0	432	0	411634978	335621	4697886	26410	0	0	3	3
1773199484	1006	196539	399536	0	1025940	30237	0	432	0	411691576	335668	4698657	26414	0	0	3	3
1773199486	1008	196539	399536	0	1025940	30237	0	432	0	411748807	335716	4699238	26417	0	0	3	3
1773199488	1010	196539	399536	0	1025940	30237	0	432	0	414036046	337566	4712482	26533	0	0	3	3
1773199490	1012	196539	399536	0	1025940	30237	0	432	0	414092832	337615	4713558	26539	0	0	3	3
1773199492	1014	196539	399536	0	1025940	30237	0	432	0	414149508	337666	4714316	26544	0	0	3	3
1773199494	1016	196539	399536	0	1025940	30237	0	432	0	414149508	337666	4714316	26544	0	0	3	3
1773199496	1018	196539	399536	0	1025940	30237	0	432	0	414206551	337714	4715112	26549	0	0	3	3
1773199498	1020	196539	399536	0	1025940	30237	0	432	0	418721585	341358	4737776	26745	0	0	3	3
1773199500	1022	196539	399536	0	1025940	30237	0	432	0	418721585	341358	4737886	26746	0	0	3	3
1773199502	1024	196539	399536	0	1025940	30237	0	432	0	418778656	341409	4738775	26752	0	0	3	3
1773199504	1026	196539	399536	0	1025940	30237	0	432	0	418835402	341461	4740732	26768	0	0	3	3
1773199506	1028	196539	399536	0	1025940	30237	0	432	0	418835520	341462	4740922	26769	0	0	3	3
1773199508	1030	196539	399536	0	1025940	30237	0	432	0	418900840	341535	4752000	26792	0	0	3	3
1773199510	1032	196539	399536	0	1025940	30237	0	432	0	423303674	345090	4774052	26988	0	0	3	3
1773199512	1034	196539	399536	0	1025940	30237	0	432	0	423303674	345090	4774052	26988	0	0	3	3
1773199514	1036	196539	399536	0	1025940	30237	0	432	0	423360690	345140	4774995	26994	0	0	3	3
1773199516	1038	196539	399536	0	1025940	30237	0	432	0	423417169	345188	4775769	26998	0	0	3	3
1773199518	1040	196539	399536	0	1025940	30237	0	432	0	423417582	345193	4776546	27004	0	0	3	3
1773199520	1042	196539	399536	0	1025940	30237	0	432	0	428558719	349347	4800143	27218	0	0	3	3
1773199522	1044	196539	399536	0	1025940	30237	0	432	0	428616773	349407	4802537	27234	0	0	3	3
1773199524	1046	196539	399536	0	1025940	30237	0	432	0	428622732	349428	4806626	27249	0	0	3	3
1773199526	1048	196539	399536	0	1025940	30237	0	432	0	428684245	349489	4811942	27270	0	0	3	3
1773199528	1050	196539	399536	0	1025940	30237	0	432	0	428741198	349540	4812842	27276	0	0	3	3
1773199530	1052	196539	399536	0	1025940	30237	0	432	0	431757960	351976	4829876	27431	0	0	3	3
1773199532	1054	196539	399536	0	1025940	30237	0	432	0	431814650	352027	4830573	27435	0	0	3	3
1773199534	1056	196539	399536	0	1025940	30237	0	432	0	431874442	352090	4836418	27460	0	0	3	3
1773199536	1058	196539	399536	0	1025940	30237	0	432	0	431874484	352091	4836480	27461	0	0	3	3
1773199538	1060	196539	399536	0	1025940	30237	0	432	0	431933479	352150	4841607	27482	0	0	3	3
1773199540	1062	196539	399536	0	1025940	30237	0	432	0	435728842	355210	4861764	27665	0	0	3	3
1773199542	1064	196539	399536	0	1025940	30237	0	432	0	435728914	355211	4861855	27666	0	0	3	3
1773199544	1066	196539	399536	0	1025940	30237	0	432	0	435788562	355269	4866461	27684	0	0	3	3
1773199546	1068	196539	399536	0	1025940	30237	0	432	0	435844523	355317	4867537	27690	0	0	3	3
1773199548	1070	196539	399536	0	1025940	30237	0	432	0	435844882	355320	4867830	27693	0	0	3	3
1773199550	1072	196539	399536	0	1025940	30237	0	432	0	436096460	355531	4870251	27709	0	0	3	3
1773199552	1074	196539	399536	0	1025940	30237	0	432	0	440159052	358809	4885578	27847	0	0	3	3
1773199554	1076	196539	399536	0	1025940	30237	0	432	0	440159052	358809	4885578	27847	0	0	3	3
1773199556	1078	196539	399536	0	1025940	30237	0	432	0	440216554	358863	4886672	27853	0	0	3	3
1773199558	1080	196539	399536	0	1025940	30237	0	432	0	440273761	358922	4889158	27874	0	0	3	3
1773199560	1082	196539	399536	0	1025940	30237	0	432	0	440274393	358928	4889790	27878	0	0	3	3
1773199562	1084	196539	399536	0	1025940	30237	0	432	0	446193346	363707	4920033	28147	0	0	3	3
1773199564	1086	196539	399536	0	1025940	30237	0	432	0	446250202	363755	4920838	28152	0	0	3	3
1773199566	1088	196539	399536	0	1025940	30237	0	432	0	446250202	363755	4920838	28152	0	0	3	3
1773199568	1090	196539	399536	0	1025940	30237	0	432	0	446307520	363805	4921628	28157	0	0	3	3
1773199570	1092	196539	399536	0	1025940	30237	0	432	0	446363599	363854	4923086	28166	0	0	3	3
1773199572	1094	196539	399536	0	1025940	30237	0	432	0	449586559	366454	4934057	28263	0	0	3	3
1773199574	1096	196539	399536	0	1025940	30237	0	432	0	449643923	366506	4935339	28271	0	0	3	3
1773199576	1098	196539	399536	0	1025940	30237	0	432	0	449700040	366554	4936125	28276	0	0	3	3
1773199578	1100	196539	399536	0	1025940	30237	0	432	0	449700158	366555	4936505	28278	0	0	3	3
1773199580	1102	196539	399536	0	1025940	30237	0	432	0	449762388	366618	4937718	28285	0	0	3	3
1773199582	1104	196539	399536	0	1025940	30237	0	432	0	453299298	369478	4955774	28445	0	0	3	3
1773199584	1106	196539	399536	0	1025940	30237	0	432	0	453299472	369481	4956323	28450	0	0	3	3
1773199586	1108	196539	399536	0	1025940	30237	0	432	0	453356083	369531	4957317	28457	0	0	3	3
1773199588	1110	196539	399536	0	1025940	30237	0	432	0	453418265	369590	4957998	28461	0	0	3	3
1773199590	1112	196539	399536	0	1025940	30237	0	432	0	453418383	369591	4958378	28463	0	0	3	3
1773199592	1114	196539	399536	0	1025940	30237	0	432	0	458216168	373468	4982299	28679	0	0	3	3
1773199594	1116	196539	399536	0	1025940	30237	0	432	0	458272808	373518	4983292	28685	0	0	3	3
1773199596	1118	196539	399536	0	1025940	30237	0	432	0	458272808	373518	4983292	28685	0	0	3	3
1773199598	1120	196539	399536	0	1025940	30237	0	432	0	458329823	373571	4985030	28697	0	0	3	3
1773199600	1122	196539	399536	0	1025940	30237	0	432	0	458386377	373620	4985944	28703	0	0	3	3
1773199602	1124	196539	399536	0	1025940	30237	0	432	0	458386377	373620	4986306	28704	0	0	3	3
1773199604	1126	196539	399536	0	1025940	30237	0	432	0	462836115	377213	5011732	28934	0	0	3	3
1773199606	1128	196539	399536	0	1025940	30237	0	432	0	462892712	377262	5012946	28942	0	0	3	3
1773199608	1130	196539	399536	0	1025940	30237	0	432	0	462892957	377264	5013291	28945	0	0	3	3
1773199610	1132	196539	399536	0	1025940	30237	0	432	0	462949882	377313	5014208	28951	0	0	3	3
1773199612	1134	196539	399536	0	1025940	30237	0	432	0	463006360	377361	5014793	28954	0	0	3	3
1773199614	1136	196539	399536	0	1025940	30237	0	432	0	468078140	381457	5043435	29187	0	0	3	3
1773199616	1138	196539	399536	0	1025940	30237	0	432	0	468138920	381522	5051664	29208	0	0	3	3
1773199618	1140	196539	399536	0	1025940	30237	0	432	0	468197385	381581	5056147	29224	0	0	3	3
1773199620	1142	196539	399536	0	1025940	30237	0	432	0	468198747	381583	5056147	29224	0	0	3	3
1773199622	1144	196539	399536	0	1025940	30237	0	432	0	468256287	381635	5057545	29233	0	0	3	3
1773199624	1146	196539	399536	0	1025940	30237	0	432	0	470844087	383728	5072013	29361	0	0	3	3
1773199626	1148	196539	399536	0	1025940	30237	0	432	0	470844439	383731	5072714	29366	0	0	3	3
1773199628	1150	196539	399536	0	1025940	30237	0	432	0	470901293	383779	5073628	29372	0	0	3	3
1773199630	1152	196539	399536	0	1025940	30237	0	432	0	470958008	383827	5074920	29380	0	0	3	3
1773199632	1154	196539	399536	0	1025940	30237	0	432	0	470958334	383829	5075090	29382	0	0	3	3
1773199634	1156	196539	399536	0	1025940	30237	0	432	0	473622099	385988	5085886	29475	0	0	3	3
1773199636	1158	196539	399536	0	1025940	30237	0	432	0	473678579	386036	5086691	29480	0	0	3	3
1773199638	1160	196539	399536	0	1025940	30237	0	432	0	473678983	386038	5086787	29481	0	0	3	3
1773199640	1162	196539	399536	0	1025940	30237	0	432	0	473735839	386086	5087593	29486	0	0	3	3
1773199642	1164	196539	399536	0	1025940	30237	0	432	0	473792625	386135	5088698	29493	0	0	3	3
1773199644	1166	196539	399536	0	1025940	30237	0	432	0	475762894	387726	5097354	29568	0	0	3	3
1773199646	1168	196539	399536	0	1025940	30237	0	432	0	475819884	387776	5097830	29570	0	0	3	3
1773199648	1170	196539	399536	0	1025940	30237	0	432	0	475879234	387838	5102467	29585	0	0	3	3
1773199650	1172	196539	399536	0	1025940	30237	0	432	0	475879234	387838	5102467	29585	0	0	3	3
1773199652	1174	196539	399536	0	1025940	30237	0	432	0	475936330	387889	5103962	29595	0	0	3	3
1773199654	1176	196539	399536	0	1025940	30237	0	432	0	475992899	387938	5105175	29603	0	0	3	3
1773199656	1178	196539	399536	0	1025940	30237	0	432	0	479580875	390831	5119869	29734	0	0	3	3
1773199658	1180	196539	399536	0	1025940	30237	0	432	0	479637947	390881	5120974	29742	0	0	3	3
1773199660	1182	196539	399536	0	1025940	30237	0	432	0	479695250	390932	5122383	29751	0	0	3	3
1773199662	1184	196539	399536	0	1025940	30237	0	432	0	479695250	390932	5122383	29751	0	0	3	3
1773199664	1186	196539	399536	0	1025940	30237	0	432	0	479751990	390981	5123187	29756	0	0	3	3
1773199666	1188	196539	399536	0	1025940	30237	0	432	0	483243856	393799	5142165	29925	0	0	3	3
1773199668	1190	196539	399536	0	1025940	30237	0	432	0	483244092	393801	5142817	29929	0	0	3	3
1773199670	1192	196539	399536	0	1025940	30237	0	432	0	483300758	393851	5143813	29935	0	0	3	3
1773199672	1194	196539	399536	0	1025940	30237	0	432	0	483357460	393903	5145409	29945	0	0	3	3
1773199674	1196	196539	399536	0	1025940	30237	0	432	0	483357460	393903	5145409	29945	0	0	3	3
1773199676	1198	196539	399536	0	1025940	30237	0	432	0	486513195	396456	5163320	30103	0	0	3	3
1773199678	1200	196539	399536	0	1025940	30237	0	432	0	486570775	396507	5164218	30109	0	0	3	3
1773199680	1202	196539	399536	0	1025940	30237	0	432	0	486570935	396509	5164660	30112	0	0	3	3
1773199682	1204	196539	399536	0	1025940	30237	0	432	0	486626661	396557	5165353	30116	0	0	3	3
1773199684	1206	196539	399536	0	1025940	30237	0	432	0	486683521	396607	5166537	30123	0	0	3	3
1773199686	1208	196539	399536	0	1025940	30237	0	432	0	490962497	400059	5189300	30328	0	0	3	3
1773199688	1210	196539	399536	0	1025940	30237	0	432	0	491019540	400107	5190215	30334	0	0	3	3
1773199690	1212	196539	399536	0	1025940	30237	0	432	0	491076328	400156	5191401	30341	0	0	3	3
1773199692	1214	196539	399536	0	1025940	30237	0	432	0	491076402	400157	5191492	30342	0	0	3	3
1773199694	1216	196539	399536	0	1025940	30237	0	432	0	491132999	400206	5192788	30350	0	0	3	3
1773199696	1218	196539	399536	0	1025940	30237	0	432	0	494958302	403298	5211763	30517	0	0	3	3
1773199698	1220	196539	399536	0	1025940	30237	0	432	0	494958622	403300	5212237	30520	0	0	3	3
1773199700	1222	196539	399536	0	1025940	30237	0	432	0	495019358	403359	5212932	30524	0	0	3	3
1773199702	1224	196539	399536	0	1025940	30237	0	432	0	495076397	403407	5213518	30527	0	0	3	3
1773199704	1226	196539	399536	0	1025940	30237	0	432	0	495076397	403407	5213518	30527	0	0	3	3
1773199706	1228	196539	399536	0	1025940	30237	0	432	0	495133116	403458	5214426	30533	0	0	3	3
1773199708	1230	196539	399536	0	1025940	30237	0	432	0	502002587	409001	5244894	30805	0	0	3	3
1773199710	1232	196539	399536	0	1025940	30237	0	432	0	502002705	409002	5245084	30806	0	0	3	3
1773199712	1234	196539	399536	0	1025940	30237	0	432	0	502059749	409050	5246082	30812	0	0	3	3
1773199714	1236	196539	399536	0	1025940	30237	0	432	0	502116514	409102	5247061	30818	0	0	3	3
1773199716	1238	196539	399536	0	1025940	30237	0	432	0	502116514	409102	5247061	30818	0	0	3	3
1773199718	1240	196539	399536	0	1025940	30237	0	432	0	507019853	413061	5270418	31024	0	0	3	3
1773199720	1242	196539	399536	0	1025940	30237	0	432	0	507075816	413109	5271493	31030	0	0	3	3
1773199722	1244	196539	399536	0	1025940	30237	0	432	0	507076918	413116	5272512	31038	0	0	3	3
1773199724	1246	196539	399536	0	1025940	30237	0	432	0	507134030	413165	5273209	31042	0	0	3	3
1773199726	1248	196539	399536	0	1025940	30237	0	432	0	507190961	413214	5273906	31046	0	0	3	3
1773199728	1250	196539	399536	0	1025940	30237	0	432	0	510087578	415549	5286752	31160	0	0	3	3
1773199730	1252	196539	399536	0	1025940	30237	0	432	0	510144543	415601	5287670	31166	0	0	3	3
1773199732	1254	196539	399536	0	1025940	30237	0	432	0	510200854	415649	5288478	31171	0	0	3	3
1773199734	1256	196539	399536	0	1025940	30237	0	432	0	510200928	415650	5288569	31172	0	0	3	3
1773199736	1258	196539	399536	0	1025940	30237	0	432	0	510257784	415700	5289563	31178	0	0	3	3
1773199738	1260	196539	399536	0	1025940	30237	0	432	0	513977386	418711	5306760	31330	0	0	3	3
1773199740	1262	196539	399536	0	1025940	30237	0	432	0	513977386	418711	5306760	31330	0	0	3	3
1773199742	1264	196539	399536	0	1025940	30237	0	432	0	514034054	418759	5307348	31333	0	0	3	3
1773199744	1266	196539	399536	0	1025940	30237	0	432	0	514090359	418807	5308366	31340	0	0	3	3
1773199746	1268	196539	399536	0	1025940	30237	0	432	0	514090477	418808	5308746	31342	0	0	3	3
1773199748	1270	196539	399536	0	1025940	30237	0	432	0	520327297	423838	5337581	31594	0	0	3	3
1773199750	1272	196539	399536	0	1025940	30237	0	432	0	520745649	424178	5340529	31617	0	0	3	3
1773199752	1274	196539	399536	0	1025940	30237	0	432	0	520745809	424180	5340971	31620	0	0	3	3
1773199754	1276	196539	399536	0	1025940	30237	0	432	0	520802361	424229	5341976	31627	0	0	3	3
1773199756	1278	196539	399536	0	1025940	30237	0	432	0	520858956	424276	5342780	31632	0	0	3	3
1773199758	1280	196539	399536	0	1025940	30237	0	432	0	520859159	424277	5342874	31633	0	0	3	3
1773199760	1282	196539	399536	0	1025940	30237	0	432	0	526291939	428661	5372458	31891	0	0	3	3
1773199762	1284	196539	399536	0	1025940	30237	0	432	0	526348460	428710	5374573	31905	0	0	3	3
1773199764	1286	196539	399536	0	1025940	30237	0	432	0	526348578	428711	5374763	31906	0	0	3	3
1773199766	1288	196539	399536	0	1025940	30237	0	432	0	526405917	428765	5376378	31918	0	0	3	3
1773199768	1290	196539	399536	0	1025940	30237	0	432	0	526462702	428814	5377565	31925	0	0	3	3
1773199770	1292	196539	399536	0	1025940	30237	0	432	0	533034787	434111	5407564	32194	0	0	3	3
1773199772	1294	196539	399536	0	1025940	30237	0	432	0	533092147	434163	5408555	32200	0	0	3	3
1773199774	1296	196539	399536	0	1025940	30237	0	432	0	533149349	434213	5409830	32208	0	0	3	3
1773199776	1298	196539	399536	0	1025940	30237	0	432	0	533149349	434213	5409830	32208	0	0	3	3
1773199778	1300	196539	399536	0	1025940	30237	0	432	0	533206218	434264	5411029	32216	0	0	3	3
1773199780	1302	196539	399536	0	1025940	30237	0	432	0	535944646	436476	5422991	32319	0	0	3	3
1773199782	1304	196539	399536	0	1025940	30237	0	432	0	535944646	436476	5422991	32319	0	0	3	3
1773199784	1306	196539	399536	0	1025940	30237	0	432	0	536001198	436525	5423580	32322	0	0	3	3
1773199786	1308	196539	399536	0	1025940	30237	0	432	0	536057459	436573	5424449	32328	0	0	3	3
1773199788	1310	196539	399536	0	1025940	30237	0	432	0	536057577	436574	5424829	32330	0	0	3	3
1773199790	1312	196539	399536	0	1025940	30237	0	432	0	539530571	439378	5441828	32481	0	0	3	3
1773199792	1314	196539	399536	0	1025940	30237	0	432	0	539587475	439426	5443012	32488	0	0	3	3
1773199794	1316	196539	399536	0	1025940	30237	0	432	0	539587549	439427	5443103	32489	0	0	3	3
1773199796	1318	196539	399536	0	1025940	30237	0	432	0	539644404	439475	5444236	32497	0	0	3	3
1773199798	1320	196539	399536	0	1025940	30237	0	432	0	539701373	439524	5445749	32507	0	0	3	3
1773199800	1322	196539	399536	0	1025940	30237	0	432	0	539701779	439526	5446303	32510	0	0	3	3
1773199802	1324	196539	399536	0	1025940	30237	0	432	0	541885043	441292	5457006	32605	0	0	3	3
1773199804	1326	196539	399536	0	1025940	30237	0	432	0	541942089	441340	5457894	32610	0	0	3	3
1773199806	1328	196539	399536	0	1025940	30237	0	432	0	541942089	441340	5457894	32610	0	0	3	3
1773199808	1330	196539	399536	0	1025940	30237	0	432	0	541999077	441391	5459218	32618	0	0	3	3
1773199810	1332	196539	399536	0	1025940	30237	0	432	0	542055676	441440	5460103	32623	0	0	3	3
1773199812	1334	196539	399536	0	1025940	30237	0	432	0	548990622	447032	5490799	32894	0	0	3	3
1773199814	1336	196539	399536	0	1025940	30237	0	432	0	549047248	447082	5491696	32900	0	0	3	3
1773199816	1338	196539	399536	0	1025940	30237	0	432	0	549103655	447129	5492611	32906	0	0	3	3
1773199818	1340	196539	399536	0	1025940	30237	0	432	0	549104103	447135	5493436	32913	0	0	3	3
1773199820	1342	196539	399536	0	1025940	30237	0	432	0	549165973	447198	5494010	32916	0	0	3	3
1773199822	1344	196539	399536	0	1025940	30237	0	432	0	556513044	453123	5529133	33229	0	0	3	3
1773199824	1346	196539	399536	0	1025940	30237	0	432	0	556513044	453123	5529133	33229	0	0	3	3
1773199826	1348	196539	399536	0	1025940	30237	0	432	0	556569809	453175	5530099	33234	0	0	3	3
1773199828	1350	196539	399536	0	1025940	30237	0	432	0	556632040	453233	5534783	33249	0	0	3	3
1773199830	1352	196539	399536	0	1025940	30237	0	432	0	556632040	453233	5534783	33249	0	0	3	3
1773199832	1354	196539	399536	0	1025940	30237	0	432	0	561943360	457522	5559598	33471	0	0	3	3
1773199834	1356	196539	399536	0	1025940	30237	0	432	0	561999913	457571	5560685	33478	0	0	3	3
1773199836	1358	196539	399536	0	1025940	30237	0	432	0	562000031	457572	5561065	33480	0	0	3	3
1773199838	1360	196539	399536	0	1025940	30237	0	432	0	562056890	457620	5561763	33484	0	0	3	3
1773199840	1362	196539	399536	0	1025940	30237	0	432	0	562113054	457669	5562935	33491	0	0	3	3
1773199842	1364	196539	399536	0	1025940	30237	0	432	0	564212332	459364	5571847	33570	0	0	3	3
1773199844	1366	196539	399536	0	1025940	30237	0	432	0	564268930	459411	5572433	33573	0	0	3	3
1773199846	1368	196539	399536	0	1025940	30237	0	432	0	564330743	459478	5580542	33594	0	0	3	3
1773199848	1370	196539	399536	0	1025940	30237	0	432	0	564330899	459480	5580656	33595	0	0	3	3
1773199850	1372	196539	399536	0	1025940	30237	0	432	0	564387640	459531	5581842	33602	0	0	3	3
1773199852	1374	196539	399536	0	1025940	30237	0	432	0	564444439	459581	5582929	33610	0	0	3	3
1773199854	1376	196539	399536	0	1025940	30237	0	432	0	568692950	463008	5605347	33811	0	0	3	3
1773199856	1378	196539	399536	0	1025940	30237	0	432	0	568750130	463060	5606870	33820	0	0	3	3
1773199858	1380	196539	399536	0	1025940	30237	0	432	0	568808089	463111	5608139	33828	0	0	3	3
1773199860	1382	782844	12524508	0	15958300	37317	0	583	0	568812688	463134	5612704	33845	1	0	17	17
1773199862	1384	782844	12524508	0	15958300	37317	0	583	0	568871894	463188	5613279	33848	1	0	17	17
1773199864	1386	782844	12524508	0	15958300	37317	0	583	0	574799255	467970	5639021	34077	1	0	17	17
1773199866	1388	782844	12524508	0	15958300	37317	0	583	0	574803605	467980	5639021	34077	1	0	17	17
1773199868	1390	782844	12524508	0	15958300	37317	0	583	0	574861797	468034	5640232	34085	1	0	17	17
1773199870	1392	782844	12524508	0	15958300	37317	0	583	0	574918840	468082	5641253	34092	1	0	17	17
1773199872	1394	782844	12524508	0	15958300	37317	0	583	0	574918840	468082	5641253	34092	1	0	17	17
1773199874	1396	782844	12524508	0	15958300	37317	0	583	0	578327830	470836	5656035	34223	1	0	17	17
1773199876	1398	782844	12524508	0	15958300	37317	0	583	0	578385061	470884	5657160	34231	1	0	17	17
1773199878	1400	782844	12524508	0	15958300	37317	0	583	0	578385179	470885	5657944	34234	1	0	17	17
1773199880	1402	782844	12524508	0	15958300	37317	0	583	0	578443279	470940	5661539	34245	1	0	17	17
1773199882	1404	782844	12524508	0	15958300	37317	0	583	0	578499311	470989	5662424	34250	1	0	17	17
1773199884	1406	782844	12524508	0	15958300	37317	0	583	0	580526550	472627	5672621	34339	1	0	17	17
1773199886	1408	782844	12524508	0	15958300	37317	0	583	0	580584152	472678	5673427	34344	1	0	17	17
1773199888	1410	782844	12524508	0	15958300	37317	0	583	0	580642493	472732	5674639	34353	1	0	17	17
1773199890	1412	782844	12524508	0	15958300	37317	0	583	0	580642493	472732	5674639	34353	1	0	17	17
1773199892	1414	782844	12524508	0	15958300	37317	0	583	0	580699653	472784	5675826	34360	1	0	17	17
1773199894	1416	782844	12524508	0	15958300	37317	0	583	0	582250649	474041	5682292	34414	1	0	17	17
1773199896	1418	782844	12524508	0	15958300	37317	0	583	0	582250649	474041	5682292	34414	1	0	17	17
1773199898	1420	782844	12524508	0	15958300	37317	0	583	0	582308256	474089	5682878	34417	1	0	17	17
1773199900	1422	782844	12524508	0	15958300	37317	0	583	0	582365187	474140	5684187	34425	1	0	17	17
1773199902	1424	782844	12524508	0	15958300	37317	0	583	0	582365305	474141	5684567	34427	1	0	17	17
1773199904	1426	782844	12524508	0	15958300	37317	0	583	0	582591498	474332	5687155	34446	1	0	17	17
1773199906	1428	782844	12524508	0	15958300	37317	0	583	0	583665026	475202	5691946	34486	1	0	17	17
1773199908	1430	782844	12524508	0	15958300	37317	0	583	0	583665026	475202	5691946	34486	1	0	17	17
1773199910	1432	782844	12524508	0	15958300	37317	0	583	0	583722774	475252	5692971	34493	1	0	17	17
1773199912	1434	782844	12524508	0	15958300	37317	0	583	0	583779634	475300	5693778	34498	1	0	17	17
1773199914	1436	782844	12524508	0	15958300	37317	0	583	0	583779826	475302	5694249	34501	1	0	17	17
1773199916	1438	782844	12524508	0	15958300	37317	0	583	0	585609065	476783	5701737	34565	1	0	17	17
1773199918	1440	782844	12524508	0	15958300	37317	0	583	0	585665809	476832	5702541	34570	1	0	17	17
1773199920	1442	782844	12524508	0	15958300	37317	0	583	0	585666054	476834	5702697	34572	1	0	17	17
1773199922	1444	782844	12524508	0	15958300	37317	0	583	0	585721896	476883	5703693	34578	1	0	17	17
1773199924	1446	782844	12524508	0	15958300	37317	0	583	0	585779401	476933	5704806	34585	1	0	17	17
1773199926	1448	782844	12524508	0	15958300	37317	0	583	0	587665514	478456	5715315	34677	1	0	17	17
1773199928	1450	782844	12524508	0	15958300	37317	0	583	0	587722507	478506	5716127	34682	1	0	17	17
1773199930	1452	782844	12524508	0	15958300	37317	0	583	0	587778844	478554	5717205	34688	1	0	17	17
1773199932	1454	782844	12524508	0	15958300	37317	0	583	0	587779128	478555	5717313	34689	1	0	17	17
1773199934	1456	782844	12524508	0	15958300	37317	0	583	0	587835304	478604	5717990	34693	1	0	17	17
1773199936	1458	782844	12524508	0	15958300	37317	0	583	0	594373896	483877	5746133	34942	1	0	17	17
1773199938	1460	782844	12524508	0	15958300	37317	0	583	0	594373896	483877	5746323	34943	1	0	17	17
1773199940	1462	782844	12524508	0	15958300	37317	0	583	0	594435361	483937	5747223	34949	1	0	17	17
1773199942	1464	782844	12524508	0	15958300	37317	0	583	0	594491909	483986	5747925	34953	1	0	17	17
1773199944	1466	782844	12524508	0	15958300	37317	0	583	0	594492027	483987	5748339	34956	1	0	17	17
1773199946	1468	782844	12524508	0	15958300	37317	0	583	0	601521933	489660	5784223	35270	1	0	17	17
1773199948	1470	782844	12524508	0	15958300	37317	0	583	0	601578837	489710	5785601	35279	1	0	17	17
1773199950	1472	782844	12524508	0	15958300	37317	0	583	0	601578955	489711	5785791	35280	1	0	17	17
1773199952	1474	782844	12524508	0	15958300	37317	0	583	0	601636147	489764	5786945	35288	1	0	17	17
1773199954	1476	782844	12524508	0	15958300	37317	0	583	0	601692066	489812	5788030	35295	1	0	17	17
1773199956	1478	782844	12524508	0	15958300	37317	0	583	0	601692066	489812	5788030	35295	1	0	17	17
1773199958	1480	782844	12524508	0	15958300	37317	0	583	0	606485365	493683	5811057	35499	1	0	17	17
1773199960	1482	782844	12524508	0	15958300	37317	0	583	0	606542108	493733	5812339	35507	1	0	17	17
1773199962	1484	782844	12524508	0	15958300	37317	0	583	0	606542108	493733	5812339	35507	1	0	17	17
1773199964	1486	782844	12524508	0	15958300	37317	0	583	0	606599029	493784	5813248	35513	1	0	17	17
1773199966	1488	782844	12524508	0	15958300	37317	0	583	0	606656262	493834	5814435	35520	1	0	17	17
1773199968	1490	782844	12524508	0	15958300	37317	0	583	0	610979740	497321	5835753	35710	1	0	17	17
1773199970	1492	782844	12524508	0	15958300	37317	0	583	0	611036078	497369	5836747	35716	1	0	17	17
1773199972	1494	782844	12524508	0	15958300	37317	0	583	0	611092933	497417	5837741	35722	1	0	17	17
1773199974	1496	782844	12524508	0	15958300	37317	0	583	0	611093007	497418	5837832	35723	1	0	17	17
1773199976	1498	782844	12524508	0	15958300	37317	0	583	0	611149673	497468	5839018	35730	1	0	17	17
1773199978	1500	782844	12524508	0	15958300	37317	0	583	0	613761468	499578	5850868	35834	1	0	17	17
1773199980	1502	782844	12524508	0	15958300	37317	0	583	0	613761671	499579	5850962	35835	1	0	17	17
1773199982	1504	782844	12524508	0	15958300	37317	0	583	0	613818832	499628	5852367	35844	1	0	17	17
1773199984	1506	782844	12524508	0	15958300	37317	0	583	0	613875422	499678	5853345	35851	1	0	17	17
1773199986	1508	782844	12524508	0	15958300	37317	0	583	0	613875540	499679	5853725	35853	1	0	17	17
1773199988	1510	782844	12524508	0	15958300	37317	0	583	0	616022986	501416	5863805	35940	1	0	17	17
1773199990	1512	782844	12524508	0	15958300	37317	0	583	0	616080031	501464	5864718	35946	1	0	17	17
1773199992	1514	782844	12524508	0	15958300	37317	0	583	0	616080214	501465	5865129	35948	1	0	17	17
1773199994	1516	782844	12524508	0	15958300	37317	0	583	0	616137536	501516	5866512	35957	1	0	17	17
1773199996	1518	782844	12524508	0	15958300	37317	0	583	0	616194276	501565	5867646	35965	1	0	17	17
1773199998	1520	782844	12524508	0	15958300	37317	0	583	0	618756055	503633	5879235	36069	1	0	17	17
1773200000	1522	782844	12524508	0	15958300	37317	0	583	0	618813197	503684	5880353	36077	1	0	17	17
1773200002	1524	782844	12524508	0	15958300	37317	0	583	0	618869982	503733	5881651	36085	1	0	17	17
1773200004	1526	782844	12524508	0	15958300	37317	0	583	0	618870072	503734	5881851	36087	1	0	17	17
1773200006	1528	782844	12524508	0	15958300	37317	0	583	0	618926686	503784	5882764	36093	1	0	17	17
1773200008	1530	782844	12524508	0	15958300	37317	0	583	0	618982790	503832	5883677	36099	1	0	17	17
1773200010	1532	782844	12524508	0	15958300	37317	0	583	0	621407738	505795	5895600	36206	1	0	17	17
1773200012	1534	782844	12524508	0	15958300	37317	0	583	0	621465532	505848	5897004	36215	1	0	17	17
1773200014	1536	782844	12524508	0	15958300	37317	0	583	0	621522011	505896	5898000	36221	1	0	17	17
1773200016	1538	782844	12524508	0	15958300	37317	0	583	0	621522335	505900	5898792	36227	1	0	17	17
1773200018	1540	782844	12524508	0	15958300	37317	0	583	0	621578625	505948	5899599	36232	1	0	17	17
1773200020	1542	782844	12524508	0	15958300	37317	0	583	0	624618049	508405	5913291	36353	1	0	17	17
1773200022	1544	782844	12524508	0	15958300	37317	0	583	0	624619038	508411	5913930	36359	1	0	17	17
1773200024	1546	782844	12524508	0	15958300	37317	0	583	0	624675892	508461	5915005	36365	1	0	17	17
1773200026	1548	782844	12524508	0	15958300	37317	0	583	0	624732749	508509	5915591	36368	1	0	17	17
1773200028	1550	782844	12524508	0	15958300	37317	0	583	0	624732791	508510	5915653	36369	1	0	17	17
1773200030	1552	782844	12524508	0	15958300	37317	0	583	0	630189627	512912	5941928	36604	1	0	17	17
1773200032	1554	782844	12524508	0	15958300	37317	0	583	0	630245776	512960	5942787	36608	1	0	17	17
1773200034	1556	782844	12524508	0	15958300	37317	0	583	0	630245776	512960	5942787	36608	1	0	17	17
1773200036	1558	782844	12524508	0	15958300	37317	0	583	0	630302586	513010	5943794	36615	1	0	17	17
1773200038	1560	782844	12524508	0	15958300	37317	0	583	0	630361901	513065	5945284	36623	1	0	17	17
1773200040	1562	782844	12524508	0	15958300	37317	0	583	0	635475395	517189	5972244	36867	1	0	17	17
1773200042	1564	782844	12524508	0	15958300	37317	0	583	0	635531241	517236	5973266	36874	1	0	17	17
1773200044	1566	782844	12524508	0	15958300	37317	0	583	0	635590285	517293	5974288	36881	1	0	17	17
1773200046	1568	782844	12524508	0	15958300	37317	0	583	0	635594749	517307	5975130	36886	1	0	17	17
1773200048	1570	782844	12524508	0	15958300	37317	0	583	0	635651985	517357	5976235	36893	1	0	17	17
1773200050	1572	782844	12524508	0	15958300	37317	0	583	0	635708911	517406	5977486	36899	1	0	17	17
1773200052	1574	782844	12524508	0	15958300	37317	0	583	0	640020794	520883	5997160	37076	1	0	17	17
1773200054	1576	782844	12524508	0	15958300	37317	0	583	0	640062082	520922	5997967	37081	1	0	17	17
1773200056	1578	782844	12524508	0	15958300	37317	0	583	0	640117819	520972	5999460	37091	1	0	17	17
1773200058	1580	782844	12524508	0	15958300	37317	0	583	0	640117819	520972	5999460	37091	1	0	17	17
1773200060	1582	782844	12524508	0	15958300	37317	0	583	0	640177174	521028	6000672	37100	1	0	17	17
1773200062	1584	782844	12524508	0	15958300	37317	0	583	0	645427414	525279	6031459	37350	1	0	17	17
1773200064	1586	782844	12524508	0	15958300	37317	0	583	0	645428358	525287	6031839	37352	1	0	17	17
1773200066	1588	782844	12524508	0	15958300	37317	0	583	0	645484578	525334	6032973	37360	1	0	17	17
1773200068	1590	782844	12524508	0	15958300	37317	0	583	0	645541126	525383	6033997	37367	1	0	17	17
1773200070	1592	782844	12524508	0	15958300	37317	0	583	0	645541126	525383	6033997	37367	1	0	17	17
1773200072	1594	782844	12524508	0	15958300	37317	0	583	0	650576161	529447	6057406	37572	1	0	17	17
1773200074	1596	782844	12524508	0	15958300	37317	0	583	0	650632541	529496	6058954	37582	1	0	17	17
1773200076	1598	782844	12524508	0	15958300	37317	0	583	0	650632615	529497	6059045	37583	1	0	17	17
1773200078	1600	782844	12524508	0	15958300	37317	0	583	0	650689283	529547	6060229	37590	1	0	17	17
1773200080	1602	782844	12524508	0	15958300	37317	0	583	0	650746081	529595	6061127	37596	1	0	17	17
1773200082	1604	782844	12524508	0	15958300	37317	0	583	0	654235443	532409	6075123	37722	1	0	17	17
1773200084	1606	782844	12524508	0	15958300	37317	0	583	0	654292557	532459	6076340	37729	1	0	17	17
1773200086	1608	782844	12524508	0	15958300	37317	0	583	0	654393961	532548	6078551	37743	1	0	17	17
1773200088	1610	782844	12524508	0	15958300	37317	0	583	0	654393961	532548	6078551	37743	1	0	17	17
1773200090	1612	782844	12524508	0	15958300	37317	0	583	0	654393961	532548	6078551	37743	1	0	17	17
1773200092	1614	782844	12524508	0	15958300	37317	0	583	0	654393961	532548	6078551	37743	1	0	17	17
1773200094	1616	782844	12524508	0	15958300	37317	0	583	0	654394079	532549	6078931	37745	1	0	17	17
1773200096	1618	782844	12524508	0	15958300	37317	0	583	0	654394153	532550	6079022	37746	1	0	17	17
1773200098	1620	782844	12524508	0	15958300	37317	0	583	0	654394153	532550	6079022	37746	1	0	17	17
1773200100	1622	98855	105456	0	433672	44251	0	718	0	654394153	532550	6079022	37746	1	0	2	2
1773200102	1624	98855	105456	0	433672	44251	0	718	0	654395180	532560	6082667	37756	1	0	2	2
1773200104	1626	98855	105456	0	433672	44251	0	718	0	654395298	532561	6083047	37758	1	0	2	2
1773200106	1628	98855	105456	0	433672	44251	0	718	0	654395298	532561	6083047	37758	1	0	2	2
1773200108	1630	98855	105456	0	433672	44251	0	718	0	654395298	532561	6083047	37758	1	0	2	2
1773200110	1632	98855	105456	0	433672	44251	0	718	0	654395298	532561	6083047	37758	1	0	2	2
1773200112	1634	98855	105456	0	433672	44251	0	718	0	654395298	532561	6083047	37758	1	0	2	2
1773200114	1636	98855	105456	0	433672	44251	0	718	0	654395416	532562	6083427	37760	1	0	2	2
1773200116	1638	98855	105456	0	433672	44251	0	718	0	654395490	532563	6083518	37761	1	0	2	2
1773200118	1640	98855	105456	0	433672	44251	0	718	0	654395490	532563	6083518	37761	1	0	2	2
1773200120	1642	98855	105456	0	433672	44251	0	718	0	654395576	532564	6083624	37762	1	0	2	2
1773200122	1644	98855	105456	0	433672	44251	0	718	0	654396109	532569	6084371	37768	1	0	2	2
1773200124	1646	98855	105456	0	433672	44251	0	718	0	654396109	532569	6084481	37769	1	0	2	2
1773200126	1648	98855	105456	0	433672	44251	0	718	0	654398134	532581	6088195	37780	1	0	2	2
1773200128	1650	98855	105456	0	433672	44251	0	718	0	654399314	532591	6088575	37782	1	0	2	2
1773200130	1652	98855	105456	0	433672	44251	0	718	0	654409233	532614	6097005	37811	1	0	2	2
1773200132	1654	98855	105456	0	433672	44251	0	718	0	654409283	532615	6097005	37811	1	0	2	2
1773200134	1656	98855	105456	0	433672	44251	0	718	0	654410063	532622	6097005	37811	1	0	2	2
1773200136	1658	98855	105456	0	433672	44251	0	718	0	654412524	532627	6097005	37811	1	0	2	2
1773200138	1660	98855	105456	0	433672	44251	0	718	0	654417968	532643	6097195	37812	1	0	2	2
1773200140	1662	98855	105456	0	433672	44251	0	718	0	654419322	532646	6097748	37816	1	0	2	2
1773200142	1664	98855	105456	0	433672	44251	0	718	0	654419717	532649	6098404	37821	1	0	2	2
1773200144	1666	98855	105456	0	433672	44251	0	718	0	654421039	532652	6098502	37822	1	0	2	2
1773200146	1668	98855	105456	0	433672	44251	0	718	0	654421039	532652	6098502	37822	1	0	2	2
1773200148	1670	98855	105456	0	433672	44251	0	718	0	654422965	532669	6098806	37824	1	0	2	2
1773200150	1672	98855	105456	0	433672	44251	0	718	0	654423127	532672	6099102	37826	1	0	2	2
1773200152	1674	98855	105456	0	433672	44251	0	718	0	654423127	532672	6099102	37826	1	0	2	2
1773200154	1676	98855	105456	0	433672	44251	0	718	0	654424363	532674	6099102	37826	1	0	2	2
1773200156	1678	98855	105456	0	433672	44251	0	718	0	654424437	532675	6099193	37827	1	0	2	2
1773200158	1680	98855	105456	0	433672	44251	0	718	0	654426551	532681	6099193	37827	1	0	2	2
1773200160	1682	98855	105456	0	433672	44251	0	718	0	654430837	532700	6099953	37831	1	0	2	2
1773200162	1684	98855	105456	0	433672	44251	0	718	0	654432593	532704	6100047	37832	1	0	2	2
1773200164	1686	98855	105456	0	433672	44251	0	718	0	654434317	532708	6100047	37832	1	0	2	2
1773200166	1688	98855	105456	0	433672	44251	0	718	0	654435303	532717	6100489	37835	1	0	2	2
1773200168	1690	98855	105456	0	433672	44251	0	718	0	654437027	532721	6100489	37835	1	0	2	2
1773200170	1692	98855	105456	0	433672	44251	0	718	0	654438263	532723	6100489	37835	1	0	2	2
1773200172	1694	98855	105456	0	433672	44251	0	718	0	654438263	532723	6100489	37835	1	0	2	2
1773200174	1696	98855	105456	0	433672	44251	0	718	0	654438263	532723	6100489	37835	1	0	2	2
1773200176	1698	98855	105456	0	433672	44251	0	718	0	654440001	532728	6101371	37840	1	0	2	2
1773200178	1700	98855	105456	0	433672	44251	0	718	0	654440119	532729	6101561	37841	1	0	2	2
1773200180	1702	98855	105456	0	433672	44251	0	718	0	654440342	532731	6101962	37844	1	0	2	2
1773200182	1704	98855	105456	0	433672	44251	0	718	0	654445023	532744	6102056	37845	1	0	2	2
1773200184	1706	98855	105456	0	433672	44251	0	718	0	654445023	532744	6102056	37845	1	0	2	2
1773200186	1708	98855	105456	0	433672	44251	0	718	0	654445023	532744	6102056	37845	1	0	2	2
1773200188	1710	98855	105456	0	433672	44251	0	718	0	654447228	532749	6102246	37846	1	0	2	2
1773200190	1712	98855	105456	0	433672	44251	0	718	0	654447492	532753	6103030	37853	1	0	2	2
1773200192	1714	98855	105456	0	433672	44251	0	718	0	654447492	532753	6103030	37853	1	0	2	2
1773200194	1716	98855	105456	0	433672	44251	0	718	0	654447678	532756	6103220	37854	1	0	2	2
1773200196	1718	98855	105456	0	433672	44251	0	718	0	654447870	532758	6103691	37857	1	0	2	2
1773200198	1720	98855	105456	0	433672	44251	0	718	0	654447870	532758	6103691	37857	1	0	2	2
1773200200	1722	98855	105456	0	433672	44251	0	718	0	654449106	532760	6103691	37857	1	0	2	2
1773200202	1724	98855	105456	0	433672	44251	0	718	0	654450789	532764	6104165	37860	1	0	2	2
1773200204	1726	98855	105456	0	433672	44251	0	718	0	654450789	532764	6104165	37860	1	0	2	2
1773200206	1728	98855	105456	0	433672	44251	0	718	0	654450789	532764	6104165	37860	1	0	2	2
1773200208	1730	98855	105456	0	433672	44251	0	718	0	654450789	532764	6104165	37860	1	0	2	2
1773200210	1732	98855	105456	0	433672	44251	0	718	0	654450907	532765	6104545	37862	1	0	2	2
1773200212	1734	98855	105456	0	433672	44251	0	718	0	654450907	532765	6104545	37862	1	0	2	2
1773200214	1736	98855	105456	0	433672	44251	0	718	0	654450907	532765	6104545	37862	1	0	2	2
1773200216	1738	98855	105456	0	433672	44251	0	718	0	654450981	532766	6104636	37863	1	0	2	2
1773200218	1740	98855	105456	0	433672	44251	0	718	0	654451099	532767	6105016	37865	1	0	2	2
1773200220	1742	98855	105456	0	433672	44251	0	718	0	654451099	532767	6105016	37865	1	0	2	2
1773200222	1744	98855	105456	0	433672	44251	0	718	0	654451528	532770	6105583	37869	1	0	2	2
1773200224	1746	98855	105456	0	433672	44251	0	718	0	654451528	532770	6105583	37869	1	0	2	2
1773200226	1748	98855	105456	0	433672	44251	0	718	0	654451646	532771	6105963	37871	1	0	2	2
1773200228	1750	98855	105456	0	433672	44251	0	718	0	654451646	532771	6105963	37871	1	0	2	2
1773200230	1752	98855	105456	0	433672	44251	0	718	0	654451764	532772	6106261	37873	1	0	2	2
1773200232	1754	98855	105456	0	433672	44251	0	718	0	654452166	532774	6106913	37877	1	0	2	2
1773200234	1756	98855	105456	0	433672	44251	0	718	0	654452416	532777	6107614	37882	1	0	2	2
1773200236	1758	98855	105456	0	433672	44251	0	718	0	654452576	532779	6107803	37884	1	0	2	2
1773200238	1760	98855	105456	0	433672	44251	0	718	0	654452576	532779	6107803	37884	1	0	2	2
1773200240	1762	98855	105456	0	433672	44251	0	718	0	654452576	532779	6107803	37884	1	0	2	2
1773200242	1764	98855	105456	0	433672	44251	0	718	0	654452857	532781	6108003	37886	1	0	2	2
1773200244	1766	98855	105456	0	433672	44251	0	718	0	654452975	532782	6108383	37888	1	0	2	2
1773200246	1768	98855	105456	0	433672	44251	0	718	0	654453393	532787	6108693	37891	1	0	2	2
1773200248	1770	98855	105456	0	433672	44251	0	718	0	654453483	532788	6108909	37893	1	0	2	2
1773200250	1772	98855	105456	0	433672	44251	0	718	0	654453483	532788	6109015	37894	1	0	2	2
1773200252	1774	98855	105456	0	433672	44251	0	718	0	654453601	532789	6109417	37897	1	0	2	2
1773200254	1776	98855	105456	0	433672	44251	0	718	0	654456629	532799	6109797	37899	1	0	2	2
1773200256	1778	98855	105456	0	433672	44251	0	718	0	654456629	532799	6109797	37899	1	0	2	2
1773200258	1780	98855	105456	0	433672	44251	0	718	0	654456703	532800	6109888	37900	1	0	2	2
1773200260	1782	98855	105456	0	433672	44251	0	718	0	654456821	532801	6110268	37902	1	0	2	2
1773200262	1784	98855	105456	0	433672	44251	0	718	0	654457024	532802	6110362	37903	1	0	2	2
1773200264	1786	98855	105456	0	433672	44251	0	718	0	654457024	532802	6110362	37903	1	0	2	2
1773200266	1788	98855	105456	0	433672	44251	0	718	0	654458260	532804	6110362	37903	1	0	2	2
1773200268	1790	98855	105456	0	433672	44251	0	718	0	654458670	532808	6111215	37908	1	0	2	2
1773200270	1792	98855	105456	0	433672	44251	0	718	0	654458670	532808	6111215	37908	1	0	2	2
1773200272	1794	98855	105456	0	433672	44251	0	718	0	654458670	532808	6111215	37908	1	0	2	2
1773200274	1796	98855	105456	0	433672	44251	0	718	0	654458788	532809	6111595	37910	1	0	2	2
1773200276	1798	98855	105456	0	433672	44251	0	718	0	654458788	532809	6111595	37910	1	0	2	2
1773200278	1800	98855	105456	0	433672	44251	0	718	0	654458862	532810	6111686	37911	1	0	2	2
1773200280	1802	98855	105456	0	433672	44251	0	718	0	654458862	532810	6111686	37911	1	0	2	2
1773200282	1804	98855	105456	0	433672	44251	0	718	0	654459065	532811	6111780	37912	1	0	2	2
1773200284	1806	98855	105456	0	433672	44251	0	718	0	654459183	532812	6112160	37914	1	0	2	2
1773200286	1808	98855	105456	0	433672	44251	0	718	0	654459183	532812	6112160	37914	1	0	2	2
1773200288	1810	98855	105456	0	433672	44251	0	718	0	654459183	532812	6112160	37914	1	0	2	2
1773200290	1812	98855	105456	0	433672	44251	0	718	0	654459183	532812	6112160	37914	1	0	2	2
1773200292	1814	98855	105456	0	433672	44251	0	718	0	654459301	532813	6112540	37916	1	0	2	2
1773200294	1816	98855	105456	0	433672	44251	0	718	0	654459301	532813	6112540	37916	1	0	2	2
1773200296	1818	98855	105456	0	433672	44251	0	718	0	654459301	532813	6112540	37916	1	0	2	2
1773200298	1820	98855	105456	0	433672	44251	0	718	0	654459493	532815	6113011	37919	1	0	2	2
1773200300	1822	98855	105456	0	433672	44251	0	718	0	654459493	532815	6113011	37919	1	0	2	2
1773200302	1824	98855	105456	0	433672	44251	0	718	0	654464292	532829	6113485	37922	1	0	2	2
1773200304	1826	98855	105456	0	433672	44251	0	718	0	654464292	532829	6113485	37922	1	0	2	2
1773200306	1828	98855	105456	0	433672	44251	0	718	0	654464410	532830	6113675	37923	1	0	2	2
1773200308	1830	98855	105456	0	433672	44251	0	718	0	654464410	532830	6113865	37924	1	0	2	2
1773200310	1832	98855	105456	0	433672	44251	0	718	0	654464410	532830	6113865	37924	1	0	2	2
1773200312	1834	98855	105456	0	433672	44251	0	718	0	654464460	532831	6113865	37924	1	0	2	2
1773200314	1836	98856	105456	0	433672	44251	0	718	0	654464898	532835	6114846	37929	1	0	2	2
1773200316	1838	98856	105456	0	433672	44251	0	718	0	654465016	532836	6115226	37931	1	0	2	2
1773200318	1840	98856	105456	0	433672	44251	0	718	0	654465132	532838	6115379	37933	1	0	2	2
1773200320	1842	98856	105456	0	433672	44251	0	718	0	654465250	532839	6115867	37936	1	0	2	2
1773200322	1844	98856	105456	0	433672	44251	0	718	0	654466441	532846	6116492	37942	1	0	2	2
1773200324	1846	98856	105456	0	433672	44251	0	718	0	654466441	532846	6116492	37942	1	0	2	2
1773200326	1848	98856	105456	0	433672	44251	0	718	0	654468273	532852	6117144	37946	1	0	2	2
1773200328	1850	98856	105456	0	433672	44251	0	718	0	654468625	532855	6117524	37948	1	0	2	2
1773200330	1852	98856	105456	0	433672	44251	0	718	0	654468859	532857	6117714	37949	1	0	2	2
1773200332	1854	98856	105456	0	433672	44251	0	718	0	654468945	532858	6117812	37950	1	0	2	2
1773200334	1856	98856	105456	0	433672	44251	0	718	0	654468945	532858	6117812	37950	1	0	2	2
1773200336	1858	98856	105456	0	433672	44251	0	718	0	654469023	532859	6117918	37951	1	0	2	2
1773200338	1860	98856	105456	0	433672	44251	0	718	0	654474295	532871	6118199	37953	1	0	2	2
1773200340	1862	98856	105456	0	433672	44251	0	718	0	654474295	532871	6118389	37954	1	0	2	2
1773200342	1864	98856	105456	0	433672	44251	0	718	0	654474295	532871	6118389	37954	1	0	2	2
1773200344	1866	98856	105456	0	433672	44251	0	718	0	654476221	532886	6122382	37967	1	0	2	2
1773200346	1868	98856	105456	0	433672	44251	0	718	0	654476221	532886	6122382	37967	1	0	2	2
1773200348	1870	98856	105456	0	433672	44251	0	718	0	654476381	532888	6122824	37970	1	0	2	2
1773200350	1872	98856	105456	0	433672	44251	0	718	0	654476381	532888	6122824	37970	1	0	2	2
1773200352	1874	98856	105456	0	433672	44251	0	718	0	654476381	532888	6122824	37970	1	0	2	2
1773200354	1876	98856	105456	0	433672	44251	0	718	0	654476499	532889	6123014	37971	1	0	2	2
1773200356	1878	98856	105456	0	433672	44251	0	718	0	654476499	532889	6123204	37972	1	0	2	2
1773200358	1880	98856	105456	0	433672	44251	0	718	0	654476617	532890	6123909	37975	1	0	2	2
1773200360	1882	98856	105456	0	433672	44251	0	718	0	654476875	532892	6124086	37977	1	0	2	2
1773200362	1884	98856	105456	0	433672	44251	0	718	0	654476875	532892	6124086	37977	1	0	2	2
1773200364	1886	98856	105456	0	433672	44251	0	718	0	654477196	532894	6124370	37979	1	0	2	2
1773200366	1888	98856	105456	0	433672	44251	0	718	0	654477352	532896	6124760	37982	1	0	2	2
1773200368	1890	98856	105456	0	433672	44251	0	718	0	654477512	532898	6125202	37985	1	0	2	2
1773200370	1892	98856	105456	0	433672	44251	0	718	0	654477598	532899	6125202	37985	1	0	2	2
1773200372	1894	98856	105456	0	433672	44251	0	718	0	654477598	532899	6125308	37986	1	0	2	2
1773200374	1896	98856	105456	0	433672	44251	0	718	0	654478246	532907	6129335	37999	1	0	2	2
1773200376	1898	98856	105456	0	433672	44251	0	718	0	654487429	532931	6134631	38023	1	0	2	2
1773200378	1900	98856	105456	0	433672	44251	0	718	0	654487537	532933	6134631	38023	1	0	2	2
1773200380	1902	98856	105456	0	433672	44251	0	718	0	654487537	532933	6134631	38023	1	0	2	2
1773200382	1904	98856	105456	0	433672	44251	0	718	0	654487537	532933	6134631	38023	1	0	2	2
1773200384	1906	98856	105456	0	433672	44251	0	718	0	654487859	532935	6135105	38026	1	0	2	2
1773200386	1908	98856	105456	0	433672	44251	0	718	0	654487859	532935	6135105	38026	1	0	2	2
1773200388	1910	98856	105456	0	433672	44251	0	718	0	654488891	532943	6135105	38026	1	0	2	2
1773200390	1912	98856	105456	0	433672	44251	0	718	0	654491447	532952	6135485	38028	1	0	2	2
1773200392	1914	98856	105456	0	433672	44251	0	718	0	654493237	532956	6135485	38028	1	0	2	2
1773200394	1916	98856	105456	0	433672	44251	0	718	0	654493237	532956	6135485	38028	1	0	2	2
1773200396	1918	98856	105456	0	433672	44251	0	718	0	654494231	532963	6135865	38030	1	0	2	2
1773200398	1920	98856	105456	0	433672	44251	0	718	0	654495775	532968	6135956	38031	1	0	2	2
1773200400	1922	98856	105456	0	433672	44251	0	718	0	654496009	532970	6135956	38031	1	0	2	2
1773200402	1924	98856	105456	0	433672	44251	0	718	0	654496243	532972	6135956	38031	1	0	2	2
1773200404	1926	98856	105456	0	433672	44251	0	718	0	654496607	532975	6136492	38035	1	0	2	2
1773200406	1928	98856	105456	0	433672	44251	0	718	0	654496607	532975	6136492	38035	1	0	2	2
1773200408	1930	98855	105456	0	433672	44251	0	718	0	654496725	532976	6136872	38037	1	0	2	2
1773200410	1932	98854	105456	0	433672	44251	0	718	0	654500029	533000	6137252	38039	1	0	2	2
1773200412	1934	98854	105456	0	433672	44251	0	718	0	654500029	533000	6137442	38040	1	0	2	2
1773200414	1936	98853	105456	0	433672	44251	0	718	0	654500029	533000	6137442	38040	1	0	2	2
1773200416	1938	98854	105456	0	433672	44251	0	718	0	654500029	533000	6137442	38040	1	0	2	2
1773200418	1940	98854	105456	0	433672	44251	0	718	0	654500103	533001	6137533	38041	1	0	2	2
1773200420	1942	98854	105456	0	433672	44251	0	718	0	654500575	533005	6137723	38042	1	0	2	2
1773200422	1944	98854	105456	0	433672	44251	0	718	0	654523459	533063	6153232	38077	1	0	2	2
1773200424	1946	98854	105456	0	433672	44251	0	718	0	654523823	533066	6153578	38080	1	0	2	2
1773200426	1948	98854	105456	0	433672	44251	0	718	0	654523909	533067	6153866	38082	1	0	2	2
1773200428	1950	98854	105456	0	433672	44251	0	718	0	654523909	533067	6153866	38082	1	0	2	2
1773200430	1952	98854	105456	0	433672	44251	0	718	0	654524381	533071	6154246	38084	1	0	2	2
1773200432	1954	98854	105456	0	433672	44251	0	718	0	654531202	533093	6160532	38106	1	0	2	2
1773200434	1956	98854	105456	0	433672	44251	0	718	0	654531342	533095	6160722	38107	1	0	2	2
1773200436	1958	98854	105456	0	433672	44251	0	718	0	654531342	533095	6160722	38107	1	0	2	2
1773200438	1960	98854	105456	0	433672	44251	0	718	0	654531342	533095	6160722	38107	1	0	2	2
1773200440	1962	98854	105456	0	433672	44251	0	718	0	654531416	533096	6160813	38108	1	0	2	2
1773200442	1964	98854	105456	0	433672	44251	0	718	0	654531534	533097	6161193	38110	1	0	2	2
1773200444	1966	98855	105456	0	433672	44251	0	718	0	654531738	533098	6161288	38111	1	0	2	2
1773200446	1968	98855	105456	0	433672	44251	0	718	0	654531856	533099	6161478	38112	1	0	2	2
1773200448	1970	98855	105456	0	433672	44251	0	718	0	654537581	533121	6169305	38132	1	0	2	2
1773200450	1972	98855	105456	0	433672	44251	0	718	0	654537581	533121	6169305	38132	1	0	2	2
1773200452	1974	98855	105456	0	433672	44251	0	718	0	654551578	533162	6187862	38175	1	0	2	2
1773200454	1976	98855	105456	0	433672	44251	0	718	0	654559030	533183	6190512	38192	1	0	2	2
1773200456	1978	98855	105456	0	433672	44251	0	718	0	654559030	533183	6190512	38192	1	0	2	2
1773200458	1980	98855	105456	0	433672	44251	0	718	0	654559222	533185	6190983	38195	1	0	2	2
1773200460	1982	98855	105456	0	433672	44251	0	718	0	654560473	533193	6200868	38206	1	0	2	2
1773200462	1984	98855	105456	0	433672	44251	0	718	0	654562042	533202	6204942	38217	1	0	2	2
1773200464	1986	98855	105456	0	433672	44251	0	718	0	654562246	533203	6205037	38218	1	0	2	2
1773200466	1988	98855	105456	0	433672	44251	0	718	0	654565132	533219	6215369	38238	1	0	2	2
1773200468	1990	98855	105456	0	433672	44251	0	718	0	655251127	533804	6273737	38505	1	0	2	2
1773200470	1992	98855	105456	0	433672	44251	0	718	0	655251287	533806	6274179	38508	1	0	2	2
1773200472	1994	98855	105456	0	433672	44251	0	718	0	655251287	533806	6274179	38508	1	0	2	2
1773200474	1996	98855	105456	0	433672	44251	0	718	0	655252442	533812	6280363	38517	1	0	2	2
1773200476	1998	98855	105456	0	433672	44251	0	718	0	655252774	533816	6281437	38522	1	0	2	2
1773200478	2000	98855	105456	0	433672	44251	0	718	0	655252848	533817	6281528	38523	1	0	2	2
1773200480	2002	98855	105456	0	433672	44251	0	718	0	655252966	533818	6281908	38525	1	0	2	2
1773200482	2004	98855	105456	0	433672	44251	0	718	0	655252966	533818	6281908	38525	1	0	2	2
1773200484	2006	98855	105456	0	433672	44251	0	718	0	655254653	533827	6285805	38536	1	0	2	2
1773200486	2008	98855	105456	0	433672	44251	0	718	0	655254653	533827	6285995	38537	1	0	2	2
1773200488	2010	98855	105456	0	433672	44251	0	718	0	655254653	533827	6285995	38537	1	0	2	2
1773200490	2012	98854	105456	0	433672	44251	0	718	0	655261984	533851	6295097	38562	1	0	2	2
1773200492	2014	98854	105456	0	433672	44251	0	718	0	655264977	533867	6299279	38578	1	0	2	2
1773200494	2016	98854	105456	0	433672	44251	0	718	0	655264977	533867	6299469	38579	1	0	2	2
1773200496	2018	98854	105456	0	433672	44251	0	718	0	655290268	533923	6329526	38622	1	0	2	2
1773200498	2020	98854	105456	0	433672	44251	0	718	0	672048745	547511	6507544	40006	1	0	2	2
1773200500	2022	98855	105456	0	433672	44251	0	718	0	672738765	548081	6518226	40093	1	0	2	2
1773200502	2024	98855	105456	0	433672	44251	0	718	0	672794941	548128	6519433	40101	1	0	2	2
1773200504	2026	98855	105456	0	433672	44251	0	718	0	672795212	548130	6519637	40103	1	0	2	2
1773200506	2028	98855	105456	0	433672	44251	0	718	0	674253867	549310	6541078	40295	1	0	2	2
1773200508	2030	98856	105456	0	433672	44251	0	718	0	674310539	549361	6542515	40306	1	0	2	2
1773200510	2032	98856	105456	0	433672	44251	0	718	0	674311391	549368	6542895	40308	1	0	2	2
1773200512	2034	98856	105456	0	433672	44251	0	718	0	674373986	549437	6544119	40317	1	0	2	2
1773200514	2036	98856	105456	0	433672	44251	0	718	0	674434160	549495	6545959	40328	1	0	2	2
1773200516	2038	98856	105456	0	433672	44251	0	718	0	674435522	549497	6545959	40328	1	0	2	2
1773200518	2040	98856	105456	0	433672	44251	0	718	0	674435682	549499	6546401	40331	1	0	2	2
1773200520	2042	98857	105456	0	433672	44251	0	718	0	677235288	551757	6561960	40471	1	0	2	2
1773200522	2044	98857	105456	0	433672	44251	0	718	0	677293657	551812	6563137	40478	1	0	2	2
1773200524	2046	98857	105456	0	433672	44251	0	718	0	677355816	551876	6568108	40497	1	0	2	2
1773200526	2048	98857	105456	0	433672	44251	0	718	0	677355987	551878	6568319	40499	1	0	2	2
1773200528	2050	98857	105456	0	433672	44251	0	718	0	677413088	551927	6569328	40506	1	0	2	2
1773200530	2052	98857	105456	0	433672	44251	0	718	0	682563221	556082	6591801	40710	1	0	2	2
1773200532	2054	98857	105456	0	433672	44251	0	718	0	682565737	556090	6592289	40713	1	0	2	2
1773200534	2056	98857	105456	0	433672	44251	0	718	0	682622169	556138	6592978	40717	1	0	2	2
1773200536	2058	98857	105456	0	433672	44251	0	718	0	682678910	556187	6594070	40724	1	0	2	2
1773200538	2060	98857	105456	0	433672	44251	0	718	0	682678910	556187	6594260	40725	1	0	2	2
1773200540	2062	98857	105456	0	433672	44251	0	718	0	682678984	556188	6594351	40726	1	0	2	2
1773200542	2064	98857	105456	0	433672	44251	0	718	0	682683580	556201	6594731	40728	1	0	2	2
1773200544	2066	98857	105456	0	433672	44251	0	718	0	682684593	556204	6595016	40730	1	0	2	2
1773200546	2068	98857	105456	0	433672	44251	0	718	0	682685626	556207	6595206	40731	1	0	2	2
1773200548	2070	98857	105456	0	433672	44251	0	718	0	682685626	556207	6595206	40731	1	0	2	2
1773200550	2072	98857	105456	0	433672	44251	0	718	0	682685626	556207	6595206	40731	1	0	2	2
1773200552	2074	98857	105456	0	433672	44251	0	718	0	682686516	556216	6596073	40737	1	0	2	2
1773200554	2076	98857	105456	0	433672	44251	0	718	0	682689171	556227	6600333	40750	1	0	2	2
1773200556	2078	98857	105456	0	433672	44251	0	718	0	682689789	556234	6601177	40758	1	0	2	2
1773200558	2080	98857	105456	0	433672	44251	0	718	0	682689894	556235	6601713	40761	1	0	2	2
1773200560	2082	98857	105456	0	433672	44251	0	718	0	682690152	556237	6601890	40763	1	0	2	2
1773200562	2084	98857	105456	0	433672	44251	0	718	0	682690270	556238	6602270	40765	1	0	2	2
1773200564	2086	98857	105456	0	433672	44251	0	718	0	682690474	556239	6602365	40766	1	0	2	2
1773200566	2088	98857	105456	0	433672	44251	0	718	0	682690579	556240	6602576	40768	1	0	2	2
1773200568	2090	98857	105456	0	433672	44251	0	718	0	682690697	556241	6602956	40770	1	0	2	2
1773200570	2092	98857	105456	0	433672	44251	0	718	0	682691022	556245	6603447	40775	1	0	2	2
1773200572	2094	98857	105456	0	433672	44251	0	718	0	682691022	556245	6603447	40775	1	0	2	2
1773200574	2096	98857	105456	0	433672	44251	0	718	0	682691230	556247	6603937	40778	1	0	2	2
1773200576	2098	98857	105456	0	433672	44251	0	718	0	682691230	556247	6603937	40778	1	0	2	2
1773200578	2100	98857	105456	0	433672	44251	0	718	0	682691348	556248	6604317	40780	1	0	2	2
1773200580	2102	98857	105456	0	433672	44251	0	718	0	682691422	556249	6604408	40781	1	0	2	2
1773200582	2104	98857	105456	0	433672	44251	0	718	0	682691422	556249	6604408	40781	1	0	2	2
1773200584	2106	98857	105456	0	433672	44251	0	718	0	682693307	556267	6608935	40798	1	0	2	2
1773200586	2108	98857	105456	0	433672	44251	0	718	0	682693596	556270	6609246	40801	1	0	2	2
1773200588	2110	98857	105456	0	433672	44251	0	718	0	682693596	556270	6609246	40801	1	0	2	2
1773200590	2112	98857	105456	0	433672	44251	0	718	0	682693596	556270	6609246	40801	1	0	2	2
1773200592	2114	98857	105456	0	433672	44251	0	718	0	682693596	556270	6609246	40801	1	0	2	2
1773200594	2116	98857	105456	0	433672	44251	0	718	0	682693714	556271	6609626	40803	1	0	2	2
1773200596	2118	98857	105456	0	433672	44251	0	718	0	682693714	556271	6609626	40803	1	0	2	2
1773200598	2120	98857	105456	0	433672	44251	0	718	0	682693714	556271	6609626	40803	1	0	2	2
1773200600	2122	98857	105456	0	433672	44251	0	718	0	682693906	556273	6609907	40805	1	0	2	2
1773200602	2124	98857	105456	0	433672	44251	0	718	0	682693906	556273	6610097	40806	1	0	2	2
1773200604	2126	98857	105456	0	433672	44251	0	718	0	682694293	556275	6610603	40809	1	0	2	2
1773200606	2128	98857	105456	0	433672	44251	0	718	0	682694293	556275	6610603	40809	1	0	2	2
1773200608	2130	98857	105456	0	433672	44251	0	718	0	682694529	556277	6611255	40813	1	0	2	2
1773200610	2132	98857	105456	0	433672	44251	0	718	0	682696416	556287	6614207	40826	1	0	2	2
1773200612	2134	98857	105456	0	433672	44251	0	718	0	682696466	556288	6614207	40826	1	0	2	2
1773200614	2136	98857	105456	0	433672	44251	0	718	0	682697240	556297	6615636	40839	1	0	2	2
1773200616	2138	98857	105456	0	433672	44251	0	718	0	682697501	556300	6616047	40843	1	0	2	2
1773200618	2140	98857	105456	0	433672	44251	0	718	0	682697777	556304	6616699	40848	1	0	2	2
1773200620	2142	98857	105456	0	433672	44251	0	718	0	682699527	556314	6620461	40859	1	0	2	2
1773200622	2144	98857	105456	0	433672	44251	0	718	0	682700729	556323	6621527	40869	1	0	2	2
1773200624	2146	98857	105456	0	433672	44251	0	718	0	682701228	556328	6622125	40875	1	0	2	2
1773200626	2148	98857	105456	0	433672	44251	0	718	0	682701228	556328	6622337	40877	1	0	2	2
1773200628	2150	98857	105456	0	433672	44251	0	718	0	682701770	556331	6622633	40879	1	0	2	2
1773200630	2152	98857	105456	0	433672	44251	0	718	0	682704188	556336	6622823	40880	1	0	2	2
1773200632	2154	98857	105456	0	433672	44251	0	718	0	682704188	556336	6622823	40880	1	0	2	2
1773200634	2156	98857	105456	0	433672	44251	0	718	0	682704529	556338	6623102	40882	1	0	2	2
1773200636	2158	98857	105456	0	433672	44251	0	718	0	682704529	556338	6623102	40882	1	0	2	2
1773200638	2160	98857	105456	0	433672	44251	0	718	0	682706324	556345	6623744	40888	1	0	2	2
1773200640	2162	98857	105456	0	433672	44251	0	718	0	682709528	556361	6627887	40901	1	0	2	2
1773200642	2164	98857	105456	0	433672	44251	0	718	0	682709528	556361	6627887	40901	1	0	2	2
1773200644	2166	98857	105456	0	433672	44251	0	718	0	682709688	556363	6628329	40904	1	0	2	2
1773200646	2168	98857	105456	0	433672	44251	0	718	0	682709892	556364	6628424	40905	1	0	2	2
1773200648	2170	98857	105456	0	433672	44251	0	718	0	682709892	556364	6628424	40905	1	0	2	2
1773200650	2172	98857	105456	0	433672	44251	0	718	0	682710261	556367	6629026	40908	1	0	2	2
1773200652	2174	98857	105456	0	433672	44251	0	718	0	682710261	556367	6629216	40909	1	0	2	2
1773200654	2176	98857	105456	0	433672	44251	0	718	0	682710261	556367	6629216	40909	1	0	2	2
1773200656	2178	98857	105456	0	433672	44251	0	718	0	682710261	556367	6629216	40909	1	0	2	2
1773200658	2180	98857	105456	0	433672	44251	0	718	0	682710261	556367	6629216	40909	1	0	2	2
1773200660	2182	98857	105456	0	433672	44251	0	718	0	682710379	556368	6629596	40911	1	0	2	2
1773200662	2184	98857	105456	0	433672	44251	0	718	0	682711198	556371	6629687	40912	1	0	2	2
1773200664	2186	98857	105456	0	433672	44251	0	718	0	682711316	556372	6630067	40914	1	0	2	2
1773200666	2188	98857	105456	0	433672	44251	0	718	0	682711562	556374	6630224	40916	1	0	2	2
1773200668	2190	98857	105456	0	433672	44251	0	718	0	682712090	556382	6631508	40928	1	0	2	2
1773200670	2192	98857	105456	0	433672	44251	0	718	0	682712222	556384	6631829	40931	1	0	2	2
1773200672	2194	98857	105456	0	433672	44251	0	718	0	682712340	556385	6632019	40932	1	0	2	2
1773200674	2196	98857	105456	0	433672	44251	0	718	0	682712526	556388	6632399	40934	1	0	2	2
1773200676	2198	98857	105456	0	433672	44251	0	718	0	682712526	556388	6632399	40934	1	0	2	2
1773200678	2200	98857	105456	0	433672	44251	0	718	0	682712644	556389	6632779	40936	1	0	2	2
1773200680	2202	98857	105456	0	433672	44251	0	718	0	682712718	556390	6632870	40937	1	0	2	2
1773200682	2204	98857	105456	0	433672	44251	0	718	0	682712718	556390	6632870	40937	1	0	2	2
1773200684	2206	98857	105456	0	433672	44251	0	718	0	682712718	556390	6632870	40937	1	0	2	2
1773200686	2208	98857	105456	0	433672	44251	0	718	0	682713040	556392	6633345	40940	1	0	2	2
1773200688	2210	98857	105456	0	433672	44251	0	718	0	682713040	556392	6633345	40940	1	0	2	2
1773200690	2212	98857	105456	0	433672	44251	0	718	0	682713200	556394	6633787	40943	1	0	2	2
1773200692	2214	98857	105456	0	433672	44251	0	718	0	682713200	556394	6633787	40943	1	0	2	2
1773200694	2216	98857	105456	0	433672	44251	0	718	0	682713318	556395	6633977	40944	1	0	2	2
1773200696	2218	98857	105456	0	433672	44251	0	718	0	682713502	556396	6634578	40947	1	0	2	2
1773200698	2220	98857	105456	0	433672	44251	0	718	0	682713791	556399	6635169	40951	1	0	2	2
1773200700	2222	725692	732228	0	4144608	51068	0	869	0	682713909	556400	6635631	40954	1	0	2	2
1773200702	2224	3907541	15636136	0	15882348	51068	0	869	0	682714101	556402	6636102	40957	1	1	5	5
1773200704	2226	3907541	15636136	0	15882348	51068	0	869	0	682714187	556403	6636200	40958	1	1	5	5
1773200706	2228	3907541	15636136	0	15882348	51068	0	869	0	682714509	556405	6636675	40961	1	1	5	5
1773200708	2230	3907541	15636136	0	15882348	51068	0	869	0	682714509	556405	6636675	40961	1	1	5	5
1773200710	2232	3907541	15636136	0	15882348	51068	0	869	0	682714587	556406	6636781	40962	1	1	5	5
1773200712	2234	3907541	15636136	0	15882348	51068	0	869	0	682714705	556407	6636971	40963	1	1	5	5
1773200714	2236	3907541	15636136	0	15882348	51068	0	869	0	682714705	556407	6637161	40964	1	1	5	5
1773200716	2238	3907541	15636136	0	15882348	51068	0	869	0	682714705	556407	6637161	40964	1	1	5	5
1773200718	2240	3907541	15636136	0	15882348	51068	0	869	0	682714705	556407	6637161	40964	1	1	5	5
1773200720	2242	3907541	15636136	0	15882348	51068	0	869	0	682714823	556408	6637541	40966	1	1	5	5
1773200722	2244	3907541	15636136	0	15882348	51068	0	869	0	682715783	556417	6640936	40977	1	1	5	5
1773200724	2246	3907541	15636136	0	15882348	51068	0	869	0	682717651	556427	6644395	40986	1	1	5	5
1773200726	2248	3907541	15636136	0	15882348	51068	0	869	0	682722896	556450	6652365	41005	1	1	5	5
1773200728	2250	3907541	15636136	0	15882348	51068	0	869	0	682722896	556450	6652365	41005	1	1	5	5
1773200730	2252	3907541	15636136	0	15882348	51068	0	869	0	682722896	556450	6652365	41005	1	1	5	5
1773200732	2254	3907541	15636136	0	15882348	51068	0	869	0	682723036	556452	6652365	41005	1	1	5	5
1773200734	2256	3907541	15636136	0	15882348	51068	0	869	0	682723128	556454	6652555	41006	1	1	5	5
1773200736	2258	3907541	15636136	0	15882348	51068	0	869	0	682723402	556457	6653135	41010	1	1	5	5
1773200738	2260	3907541	15636136	0	15882348	51068	0	869	0	682723402	556457	6653360	41011	1	1	5	5
1773200740	2262	3907541	15636136	0	15882348	51068	0	869	0	682723468	556458	6653360	41011	1	1	5	5
1773200742	2264	3907541	15636136	0	15882348	51068	0	869	0	682723792	556461	6653863	41014	1	1	5	5
1773200744	2266	3907541	15636136	0	15882348	51068	0	869	0	682723792	556461	6653863	41014	1	1	5	5
1773200746	2268	3907541	15636136	0	15882348	51068	0	869	0	682724113	556463	6654338	41017	1	1	5	5
1773200748	2270	3907541	15636136	0	15882348	51068	0	869	0	682724199	556464	6654338	41017	1	1	5	5
1773200750	2272	3907541	15636136	0	15882348	51068	0	869	0	682724241	556465	6654506	41019	1	1	5	5
1773200752	2274	3907541	15636136	0	15882348	51068	0	869	0	682724359	556466	6654992	41022	1	1	5	5
1773200754	2276	3907541	15636136	0	15882348	51068	0	869	0	682724633	556469	6655712	41028	1	1	5	5
1773200756	2278	3907541	15636136	0	15882348	51068	0	869	0	682724633	556469	6655902	41029	1	1	5	5
1773200758	2280	3907541	15636136	0	15882348	51068	0	869	0	682724804	556471	6656113	41031	1	1	5	5
1773200760	2282	3907541	15636136	0	15882348	51068	0	869	0	682724894	556472	6656223	41032	1	1	5	5
1773200762	2284	3907541	15636136	0	15882348	51068	0	869	0	682725058	556474	6656424	41034	1	1	5	5
1773200764	2286	3907541	15636136	0	15882348	51068	0	869	0	682725176	556475	6656804	41036	1	1	5	5
1773200766	2288	3907541	15636136	0	15882348	51068	0	869	0	682725379	556476	6656899	41037	1	1	5	5
1773200768	2290	3907541	15636136	0	15882348	51068	0	869	0	682725379	556476	6656899	41037	1	1	5	5
1773200770	2292	3907541	15636136	0	15882348	51068	0	869	0	682725379	556476	6656899	41037	1	1	5	5
1773200772	2294	3907541	15636136	0	15882348	51068	0	869	0	682725497	556477	6657089	41038	1	1	5	5
1773200774	2296	3907541	15636136	0	15882348	51068	0	869	0	682725497	556477	6657279	41039	1	1	5	5
1773200776	2298	3907541	15636136	0	15882348	51068	0	869	0	682725497	556477	6657279	41039	1	1	5	5
1773200778	2300	3907541	15636136	0	15882348	51068	0	869	0	682725497	556477	6657279	41039	1	1	5	5
1773200780	2302	3907541	15636136	0	15882348	51068	0	869	0	682725615	556478	6657469	41040	1	1	5	5
1773200782	2304	3907541	15636136	0	15882348	51068	0	869	0	682726354	556481	6657750	41042	1	1	5	5
1773200784	2306	3907541	15636136	0	15882348	51068	0	869	0	682727217	556484	6658130	41044	1	1	5	5
1773200786	2308	3907541	15636136	0	15882348	51068	0	869	0	682727462	556486	6658287	41046	1	1	5	5
1773200788	2310	3907541	15636136	0	15882348	51068	0	869	0	682729186	556490	6658698	41048	1	1	5	5
1773200790	2312	3907541	15636136	0	15882348	51068	0	869	0	682729304	556491	6659078	41050	1	1	5	5
1773200792	2314	50027	56484	0	336016	57739	0	1000	0	682729304	556491	6659078	41050	2	1	2	2
1773200794	2316	50027	56484	0	336016	57739	0	1000	0	682729490	556494	6659268	41051	2	1	2	2
1773200796	2318	50027	56484	0	336016	57739	0	1000	0	682729490	556494	6659268	41051	2	1	2	2
1773200798	2320	50027	56484	0	336016	57739	0	1000	0	682729490	556494	6659268	41051	2	1	2	2
1773200800	2322	50027	56484	0	336016	57739	0	1000	0	682729608	556495	6659458	41052	2	1	2	2
1773200802	2324	50027	56484	0	336016	57739	0	1000	0	682729800	556497	6660011	41056	2	1	2	2
1773200804	2326	50027	56484	0	336016	57739	0	1000	0	682729918	556498	6660011	41056	2	1	2	2
1773200806	2328	50027	56484	0	336016	57739	0	1000	0	682730207	556500	6660584	41060	2	1	2	2
1773200808	2330	50027	56484	0	336016	57739	0	1000	0	682730207	556500	6660584	41060	2	1	2	2
1773200810	2332	50027	56484	0	336016	57739	0	1000	0	682730495	556504	6660967	41064	2	1	2	2
1773200812	2334	50027	56484	0	336016	57739	0	1000	0	682730615	556506	6661135	41066	2	1	2	2
1773200814	2336	50027	56484	0	336016	57739	0	1000	0	682730615	556506	6661135	41066	2	1	2	2
1773200816	2338	50027	56484	0	336016	57739	0	1000	0	682730733	556507	6661515	41068	2	1	2	2
1773200818	2340	50027	56484	0	336016	57739	0	1000	0	682794844	556570	6671359	41101	2	1	2	2
1773200820	2342	50027	56484	0	336016	57739	0	1000	0	685592697	558827	6693236	41297	2	1	2	2
1773200822	2344	50027	56484	0	336016	57739	0	1000	0	685649955	558876	6693803	41300	2	1	2	2
1773200824	2346	50027	56484	0	336016	57739	0	1000	0	685713514	558941	6703210	41328	2	1	2	2
1773200826	2348	50027	56484	0	336016	57739	0	1000	0	685713920	558943	6703592	41331	2	1	2	2
1773200828	2350	50027	56484	0	336016	57739	0	1000	0	685770725	558993	6705733	41347	2	1	2	2
1773200830	2352	50027	56484	0	336016	57739	0	1000	0	690562785	562875	6740798	41575	2	1	2	2
1773200832	2354	50027	56484	0	336016	57739	0	1000	0	690563137	562877	6740906	41576	2	1	2	2
1773200834	2356	50027	56484	0	336016	57739	0	1000	0	690620200	562927	6743741	41598	2	1	2	2
1773200836	2358	50027	56484	0	336016	57739	0	1000	0	690676743	562977	6744386	41602	2	1	2	2
1773200838	2360	50027	56484	0	336016	57739	0	1000	0	690676861	562978	6744576	41603	2	1	2	2
1773200840	2362	50027	56484	0	336016	57739	0	1000	0	695375167	566770	6751906	41665	2	1	2	2
1773200842	2364	50027	56484	0	336016	57739	0	1000	0	695431416	566818	6752581	41669	2	1	2	2
1773200844	2366	50027	56484	0	336016	57739	0	1000	0	695431416	566818	6752581	41669	2	1	2	2
1773200846	2368	50027	56484	0	336016	57739	0	1000	0	695488564	566869	6753582	41676	2	1	2	2
1773200848	2370	50027	56484	0	336016	57739	0	1000	0	695544922	566918	6755925	41694	2	1	2	2
1773200850	2372	50027	56484	0	336016	57739	0	1000	0	695683925	567033	6761380	41742	2	1	2	2
1773200852	2374	50027	56484	0	336016	57739	0	1000	0	699336160	569981	6789956	41998	2	1	2	2
1773200854	2376	50027	56484	0	336016	57739	0	1000	0	699392797	570032	6790812	42002	2	1	2	2
1773200856	2378	50027	56484	0	336016	57739	0	1000	0	699392953	570034	6791012	42004	2	1	2	2
1773200858	2380	50027	56484	0	336016	57739	0	1000	0	699449385	570082	6791595	42007	2	1	2	2
1773200860	2382	50027	56484	0	336016	57739	0	1000	0	699505856	570131	6792680	42014	2	1	2	2
1773200862	2384	50027	56484	0	336016	57739	0	1000	0	703215315	573131	6800688	42085	2	1	2	2
1773200864	2386	50027	56484	0	336016	57739	0	1000	0	703272192	573180	6801379	42089	2	1	2	2
1773200866	2388	50027	56484	0	336016	57739	0	1000	0	703329494	573229	6802447	42095	2	1	2	2
1773200868	2390	50027	56484	0	336016	57739	0	1000	0	703329698	573230	6802541	42096	2	1	2	2
1773200870	2392	50027	56484	0	336016	57739	0	1000	0	703386436	573279	6803716	42103	2	1	2	2
1773200872	2394	50027	56484	0	336016	57739	0	1000	0	707812485	576855	6808992	42147	2	1	2	2
1773200874	2396	50027	56484	0	336016	57739	0	1000	0	707812485	576855	6809098	42148	2	1	2	2
1773200876	2398	50027	56484	0	336016	57739	0	1000	0	707869299	576903	6809893	42153	2	1	2	2
1773200878	2400	50027	56484	0	336016	57739	0	1000	0	707926347	576954	6810902	42160	2	1	2	2
1773200880	2402	50027	56484	0	336016	57739	0	1000	0	707926597	576956	6811419	42163	2	1	2	2
1773200882	2404	50027	56484	0	336016	57739	0	1000	0	711427518	579782	6815886	42200	2	1	2	2
1773200884	2406	50027	56484	0	336016	57739	0	1000	0	711484994	579833	6817165	42208	2	1	2	2
1773200886	2408	50027	56484	0	336016	57739	0	1000	0	711484994	579833	6817165	42208	2	1	2	2
1773200888	2410	50027	56484	0	336016	57739	0	1000	0	711541183	579881	6817733	42211	2	1	2	2
1773200890	2412	50027	56484	0	336016	57739	0	1000	0	711598116	579932	6819124	42220	2	1	2	2
1773200892	2414	50027	56484	0	336016	57739	0	1000	0	716832678	584154	6824936	42271	2	1	2	2
1773200894	2416	50027	56484	0	336016	57739	0	1000	0	716889533	584204	6825981	42277	2	1	2	2
1773200896	2418	50027	56484	0	336016	57739	0	1000	0	716946035	584253	6826755	42281	2	1	2	2
1773200898	2420	50027	56484	0	336016	57739	0	1000	0	716946153	584254	6827135	42283	2	1	2	2
1773200900	2422	50027	56484	0	336016	57739	0	1000	0	717002861	584303	6827924	42288	2	1	2	2
1773200902	2424	50027	56484	0	336016	57739	0	1000	0	717269987	584524	6830030	42303	2	1	2	2
1773200904	2426	50027	56484	0	336016	57739	0	1000	0	720879804	587441	6832928	42330	2	1	2	2
1773200906	2428	50027	56484	0	336016	57739	0	1000	0	720935910	587489	6833806	42335	2	1	2	2
1773200908	2430	50027	56484	0	336016	57739	0	1000	0	720992615	587539	6834994	42343	2	1	2	2
1773200910	2432	50027	56484	0	336016	57739	0	1000	0	720993441	587546	6835564	42346	2	1	2	2
1773200912	2434	50027	56484	0	336016	57739	0	1000	0	721054676	587607	6840325	42360	2	1	2	2
1773200914	2436	50027	56484	0	336016	57739	0	1000	0	724508892	590400	6844767	42396	2	1	2	2
1773200916	2438	50027	56484	0	336016	57739	0	1000	0	724508892	590400	6844767	42396	2	1	2	2
1773200918	2440	50027	56484	0	336016	57739	0	1000	0	724565888	590448	6845351	42399	2	1	2	2
1773200920	2442	50027	56484	0	336016	57739	0	1000	0	724623758	590505	6846906	42408	2	1	2	2
1773200922	2444	50027	56484	0	336016	57739	0	1000	0	724624815	590512	6847636	42415	2	1	2	2
1773200924	2446	50027	56484	0	336016	57739	0	1000	0	727682840	592981	6850723	42439	2	1	2	2
1773200926	2448	50027	56484	0	336016	57739	0	1000	0	727740020	593030	6851932	42446	2	1	2	2
1773200928	2450	50027	56484	0	336016	57739	0	1000	0	727740224	593031	6852026	42447	2	1	2	2
1773200930	2452	50027	56484	0	336016	57739	0	1000	0	727797078	593081	6853204	42454	2	1	2	2
1773200932	2454	50027	56484	0	336016	57739	0	1000	0	727854420	593131	6854066	42460	2	1	2	2
1773200934	2456	50027	56484	0	336016	57739	0	1000	0	731401063	596001	6857117	42486	2	1	2	2
1773200936	2458	50027	56484	0	336016	57739	0	1000	0	731457274	596050	6857806	42490	2	1	2	2
1773200938	2460	50027	56484	0	336016	57739	0	1000	0	731515033	596101	6858982	42497	2	1	2	2
1773200940	2462	50027	56484	0	336016	57739	0	1000	0	731515033	596101	6858982	42497	2	1	2	2
1773200942	2464	50027	56484	0	336016	57739	0	1000	0	731572184	596150	6860080	42505	2	1	2	2
1773200944	2466	50027	56484	0	336016	57739	0	1000	0	736393334	600044	6865084	42544	2	1	2	2
1773200946	2468	50027	56484	0	336016	57739	0	1000	0	736393452	600045	6865464	42546	2	1	2	2
1773200948	2470	50027	56484	0	336016	57739	0	1000	0	736450497	600096	6866567	42554	2	1	2	2
1773200950	2472	50027	56484	0	336016	57739	0	1000	0	736507161	600144	6867045	42556	2	1	2	2
1773200952	2474	50027	56484	0	336016	57739	0	1000	0	736507279	600145	6867425	42558	2	1	2	2
1773200954	2476	50027	56484	0	336016	57739	0	1000	0	736604225	600227	6868696	42565	2	1	2	2
1773200956	2478	50027	56484	0	336016	57739	0	1000	0	741263257	603987	6873013	42601	2	1	2	2
1773200958	2480	50027	56484	0	336016	57739	0	1000	0	741263257	603987	6873203	42602	2	1	2	2
1773200960	2482	50027	56484	0	336016	57739	0	1000	0	741319288	604034	6873678	42604	2	1	2	2
1773200962	2484	50027	56484	0	336016	57739	0	1000	0	741376212	604083	6874262	42607	2	1	2	2
1773200964	2486	50027	56484	0	336016	57739	0	1000	0	741376286	604084	6874353	42608	2	1	2	2
1773200966	2488	50027	56484	0	336016	57739	0	1000	0	744436100	606556	6886364	42712	2	1	2	2
1773200968	2490	50027	56484	0	336016	57739	0	1000	0	744493187	606611	6890613	42725	2	1	2	2
1773200970	2492	50027	56484	0	336016	57739	0	1000	0	744493489	606614	6891093	42728	2	1	2	2
1773200972	2494	50027	56484	0	336016	57739	0	1000	0	744550474	606665	6892717	42739	2	1	2	2
1773200974	2496	50027	56484	0	336016	57739	0	1000	0	744607355	606718	6894083	42747	2	1	2	2
1773200976	2498	50027	56484	0	336016	57739	0	1000	0	748384833	609770	6898578	42786	2	1	2	2
1773200978	2500	50027	56484	0	336016	57739	0	1000	0	748441052	609817	6899053	42788	2	1	2	2
1773200980	2502	50027	56484	0	336016	57739	0	1000	0	748498049	609869	6900135	42793	2	1	2	2
1773200982	2504	50027	56484	0	336016	57739	0	1000	0	748498049	609869	6900135	42793	2	1	2	2
1773200984	2506	50027	56484	0	336016	57739	0	1000	0	748555025	609921	6900955	42798	2	1	2	2
1773200986	2508	50027	56484	0	336016	57739	0	1000	0	752270990	612924	6905134	42831	2	1	2	2
1773200988	2510	50027	56484	0	336016	57739	0	1000	0	752271193	612925	6905463	42834	2	1	2	2
1773200990	2512	50027	56484	0	336016	57739	0	1000	0	752328604	612977	6906818	42843	2	1	2	2
1773200992	2514	50027	56484	0	336016	57739	0	1000	0	752385274	613025	6907622	42848	2	1	2	2
1773200994	2516	50027	56484	0	336016	57739	0	1000	0	752385392	613026	6908237	42852	2	1	2	2
1773200996	2518	50027	56484	0	336016	57739	0	1000	0	756443451	616306	6912976	42891	2	1	2	2
1773200998	2520	50027	56484	0	336016	57739	0	1000	0	756500204	616355	6913564	42894	2	1	2	2
1773201000	2522	50027	56484	0	336016	57739	0	1000	0	756500414	616358	6914097	42899	2	1	2	2
1773201002	2524	50027	56484	0	336016	57739	0	1000	0	756556563	616406	6914984	42904	2	1	2	2
1773201004	2526	50027	56484	0	336016	57739	0	1000	0	756613603	616457	6916137	42912	2	1	2	2
1773201006	2528	50027	56484	0	336016	57739	0	1000	0	756613721	616458	6916327	42913	2	1	2	2
1773201008	2530	50027	56484	0	336016	57739	0	1000	0	760459446	619567	6920985	42950	2	1	2	2
1773201010	2532	50027	56484	0	336016	57739	0	1000	0	760515994	619616	6921571	42953	2	1	2	2
1773201012	2534	50027	56484	0	336016	57739	0	1000	0	760515994	619616	6921571	42953	2	1	2	2
1773201014	2536	50027	56484	0	336016	57739	0	1000	0	760573367	619666	6922048	42955	2	1	2	2
1773201016	2538	50027	56484	0	336016	57739	0	1000	0	760630103	619715	6922961	42959	2	1	2	2
1773201018	2540	50027	56484	0	336016	57739	0	1000	0	764524674	622859	6928007	43003	2	1	2	2
1773201020	2542	50027	56484	0	336016	57739	0	1000	0	764581647	622908	6929193	43010	2	1	2	2
1773201022	2544	50027	56484	0	336016	57739	0	1000	0	764638501	622956	6929673	43012	2	1	2	2
1773201024	2546	50027	56484	0	336016	57739	0	1000	0	764643053	622969	6929764	43013	2	1	2	2
1773201026	2548	50027	56484	0	336016	57739	0	1000	0	764699461	623016	6930353	43016	2	1	2	2
1773201028	2550	50027	56484	0	336016	57739	0	1000	0	769874637	627188	6938246	43082	2	1	2	2
1773201030	2552	50027	56484	0	336016	57739	0	1000	0	769874755	627189	6938626	43084	2	1	2	2
1773201032	2554	50027	56484	0	336016	57739	0	1000	0	769931353	627239	6939321	43088	2	1	2	2
1773201034	2556	50027	56484	0	336016	57739	0	1000	0	769988977	627290	6940426	43095	2	1	2	2
1773201036	2558	50027	56484	0	336016	57739	0	1000	0	769989137	627292	6940678	43097	2	1	2	2
1773201038	2560	50027	56484	0	336016	57739	0	1000	0	774256192	630743	6945787	43138	2	1	2	2
1773201040	2562	50027	56484	0	336016	57739	0	1000	0	774312292	630791	6946594	43143	2	1	2	2
1773201042	2564	50027	56484	0	336016	57739	0	1000	0	774312292	630791	6946594	43143	2	1	2	2
1773201044	2566	50027	56484	0	336016	57739	0	1000	0	774369382	630842	6948043	43153	2	1	2	2
1773201046	2568	50027	56484	0	336016	57739	0	1000	0	774425861	630890	6948629	43156	2	1	2	2
1773201048	2570	50027	56484	0	336016	57739	0	1000	0	774826777	631219	6949688	43162	2	1	2	2
1773201050	2572	50027	56484	0	336016	57739	0	1000	0	779059444	634647	6961215	43214	2	1	2	2
1773201052	2574	50027	56484	0	336016	57739	0	1000	0	779115995	634696	6962021	43219	2	1	2	2
1773201054	2576	50027	56484	0	336016	57739	0	1000	0	779116151	634698	6962135	43220	2	1	2	2
1773201056	2578	50027	56484	0	336016	57739	0	1000	0	779172939	634747	6963212	43226	2	1	2	2
1773201058	2580	50027	56484	0	336016	57739	0	1000	0	779229605	634795	6963801	43229	2	1	2	2
1773201060	2582	50027	56484	0	336016	57739	0	1000	0	782439697	637386	6966982	43256	2	1	2	2
1773201062	2584	50027	56484	0	336016	57739	0	1000	0	782496294	637433	6967571	43259	2	1	2	2
1773201064	2586	50027	56484	0	336016	57739	0	1000	0	782553469	637486	6969694	43273	2	1	2	2
1773201066	2588	50027	56484	0	336016	57739	0	1000	0	782553836	637488	6970074	43275	2	1	2	2
1773201068	2590	50027	56484	0	336016	57739	0	1000	0	782611087	637537	6970754	43279	2	1	2	2
1773201070	2592	50027	56484	0	336016	57739	0	1000	0	788122758	641991	6978507	43343	2	1	2	2
1773201072	2594	50027	56484	0	336016	57739	0	1000	0	788122758	641991	6978507	43343	2	1	2	2
1773201074	2596	50027	56484	0	336016	57739	0	1000	0	788179355	642040	6979802	43351	2	1	2	2
1773201076	2598	50027	56484	0	336016	57739	0	1000	0	788235903	642089	6980391	43354	2	1	2	2
1773201078	2600	50027	56484	0	336016	57739	0	1000	0	788236021	642090	6980771	43356	2	1	2	2
1773201080	2602	50027	56484	0	336016	57739	0	1000	0	793107920	646021	6987160	43409	2	1	2	2
1773201082	2604	50027	56484	0	336016	57739	0	1000	0	793164468	646070	6987637	43411	2	1	2	2
1773201084	2606	50027	56484	0	336016	57739	0	1000	0	793164543	646071	6987728	43412	2	1	2	2
1773201086	2608	50027	56484	0	336016	57739	0	1000	0	793222012	646121	6989184	43421	2	1	2	2
1773201088	2610	50027	56484	0	336016	57739	0	1000	0	793279703	646175	6990996	43434	2	1	2	2
1773201090	2612	50027	56484	0	336016	57739	0	1000	0	796202771	648533	6995296	43471	2	1	2	2
